번호,분류,장비명,대여가능여부,대여료,보유수량,리스트페이지(URL),구성품,이용안내,사양,데이터기준일자
1,촬영,Sony PMW-EX3,교육/지원,50000,1,http://www.snmedia.or.kr/rental/equipment.asp,"본체, 하드케이스","플래시 메모리 기록방식의 Full HD 캠코더로 레코딩 매체 SxS PRO를 사용하여 우수한 화질과 안정성을 자랑합니다. ※ PMW-EX3는 스튜디오 대여 시에만 대여가능하며, 센터 외부로 대여는 불가능합니다.","일반 사항 중량 약 1.9kg(렌즈 제외)약 3.6kg (렌즈, 렌즈 후드, 접안렌즈, BP-U30 배터리, SxS PRO 메모리 카드 1개 장착 시) 크기(너비 x 높이 x 깊이) 250 x 210 x 400mm(렌즈 포함, 돌출부 제외) 사용 전원 DC 12V 소비 전력 약 13.5W(기록 도중 LCD 뷰파인더 On) 작동 온도 0~+40℃ 보관 온도 -20~+60℃ 연속 작동 시간 BP-U60 배터리 사용 시 약 210분BP-U30 배터리 사용 시 약 100분 기록 포맷 비디오 MPEG-2 Long GOPHQ 모드:VBR, 최대 비트 레이트:35Mb/s,MPEG-2 MP@HLSP 모드:CBR, 25Mb/s, MPEG-2 MP@HL 오디오 리니어 PCM(2채널,16비트,48kHz) 기록 프레임 레이트 NTSC 설정 HQ 모드:1920 x 1080/59.94i, 29.97P,23.98P, 1280 x 720/59.94P, 29.97P, 23.98PSP 모드:1440 x 1080/59.94i PAL 설정 HQ 모드:1920 x 1080/50i, 25P, 1280 x 720/50P, 25PSP 모드:1440 x 1080/50i 기록/재생 시간 HQ 모드 SBP-16(16GB) 메모리 카드 사용 시 약 50분SBP-8(8GB) 메모리 카드 사용 시 약 25분 SP 모드 SBP-16(16GB) 메모리 카드 사용 시 약 70분SBP-8(8GB) 메모리 카드 사용 시 약 35분 렌즈 렌즈 마운트 1/2인치 EX 마운트 Zoom Ratio Selectable 14x(광학), 서보/수동 Focal Length f = 5.8~81.2mm(35mm 렌즈로 환산 시 31.4~439mm) Iris F1.9~F16 및 Close, 서보/수동 선택 가능 Maximum relative aperture 1:1.9 Focus AF/MF/Full MF 선택 가능, 800mm~∞(MACRO OFF),50 mm~∞(MACRO ON,광각), 735~∞(MACRO ON,망원) Image Stabilizer ON/OFF 선택 가능, 렌즈 시프트 Filter Thread M77mm, 0.75mm 피치(렌즈에서) 카메라 픽업 장치 3칩 1/2인치 Exmor Full HD CMOS 유효 픽셀 수 1920(가로)x1080(세로) 광학 시스템 F1.6 프리즘 시스템 내장 필터 ND 필터 OFF:클리어, 1:1/8ND, 2:1/64ND 감도(2000룩스,89.9%반사율) F10(표준)(1920 x 1080/59.94i 모드) 최소 조도 0.14lx(표준)(1920 x 1080/59.94i 모드, F1.9, +18dB 게인, 64프레임 누적) 신호 대 잡음비 54dB(Y)(표준) 수평 해상도 1000 TV 라인 이상(1920 x 1080i 모드) 셔터 속도 1/33~1/2000초 셔터 각도 180,90,45,22.5,11.25도 슬로우 셔터(SLS) 2,3,4,5,6,7,8,16,32 및 64프레임 누적 Slow &Quick Motion 기능 720P 1 to 60fps 중 기록 프레임 레이트 선택 가능 1080P 1 to 30fps 중 기록 프레임 레이트 선택 가능 신호 입출력 오디오 입력 XLR-3핀(암)(2), 라인/마이크/마이크 +48V 선택 가능 A/V 출력 - 컴포지트 출력 BNC(1),1.0Vp-p,75Ω S-VIDEO 출력 Y:1.0Vp-p, 75Ω 언밸런스드, 동기 네거티브 오디오 출력 RCA 유형(CH-1,CH-2), -10dBu(기준 레벨), 47kΩ 컴포넌트 출력 미니 D(1), Y:1.0Vp-p, 75Ω, Pb/Pr:0.7Vp-p, 75Ω SDI 출력 BNC(1), HD-SDI/SD-SDI 선택 가능 i.LINK 입력/출력 IEEE1394, 4핀(1), HDV 스트림 입력/출력, S400 타임코드 입력 BNC(1), 0.5~18Vp-p, 10Ω 타임코드 출력 BNC(1), 1.0Vp-p, 75Ω 젠록 입력 BNC(1), 1.0Vp-p, 75Ω USB Mini-B(1), 고속 USB 2.0 헤드폰 출력 스테레오 미니 단자(1), -20.5dBu(기준 레벨 출력, 16Ω 로드) 스피커 출력 - DC 입력 DC 단자 배터리 입력 5핀 원격 제어 8핀 내장 뷰파인더 LCD 뷰파인더/화면 3.5인치*형 컬러 LCD 모니터, 약 921,000 유효 픽셀, 640(H)x 3(RGB)x 480(V), 16:9,하이브리드 유형 0.54인치*형 컬러 LCD, 1120(H)x 225(V), 16:9 내장 마이크 캡슐 유형 - 저장 미디어 슬롯 유형 Express Card/34(x 2) 인터페이스 Express Card 호환 일반 사항 중량 약 1.9kg(렌즈 제외)약 3.6kg (렌즈, 렌즈 후드, 접안렌즈, BP-U30 배터리, SxS PRO 메모리 카드 1개 장착 시) 크기(너비 x 높이 x 깊이) 250 x 210 x 400mm(렌즈 포함, 돌출부 제외) 사용 전원 DC 12V 소비 전력 약 13.5W(기록 도중 LCD 뷰파인더 On) 작동 온도 0~+40℃ 보관 온도 -20~+60℃ 연속 작동 시간 BP-U60 배터리 사용 시 약 210분BP-U30 배터리 사용 시 약 100분 기록 포맷 비디오 MPEG-2 Long GOPHQ 모드:VBR, 최대 비트 레이트:35Mb/s,MPEG-2 MP@HLSP 모드:CBR, 25Mb/s, MPEG-2 MP@HL 오디오 리니어 PCM(2채널,16비트,48kHz) 기록 프레임 레이트 NTSC 설정 HQ 모드:1920 x 1080/59.94i, 29.97P,23.98P, 1280 x 720/59.94P, 29.97P, 23.98PSP 모드:1440 x 1080/59.94i PAL 설정 HQ 모드:1920 x 1080/50i, 25P, 1280 x 720/50P, 25PSP 모드:1440 x 1080/50i 기록/재생 시간 HQ 모드 SBP-16(16GB) 메모리 카드 사용 시 약 50분SBP-8(8GB) 메모리 카드 사용 시 약 25분 SP 모드 SBP-16(16GB) 메모리 카드 사용 시 약 70분SBP-8(8GB) 메모리 카드 사용 시 약 35분 렌즈 렌즈 마운트 1/2인치 EX 마운트 Zoom Ratio Selectable 14x(광학), 서보/수동 Focal Length f = 5.8~81.2mm(35mm 렌즈로 환산 시 31.4~439mm) Iris F1.9~F16 및 Close, 서보/수동 선택 가능 Maximum relative aperture 1:1.9 Focus AF/MF/Full MF 선택 가능, 800mm~∞(MACRO OFF),50 mm~∞(MACRO ON,광각), 735~∞(MACRO ON,망원) Image Stabilizer ON/OFF 선택 가능, 렌즈 시프트 Filter Thread M77mm, 0.75mm 피치(렌즈에서) 카메라 픽업 장치 3칩 1/2인치 Exmor Full HD CMOS 유효 픽셀 수 1920(가로)x1080(세로) 광학 시스템 F1.6 프리즘 시스템 내장 필터 ND 필터 OFF:클리어, 1:1/8ND, 2:1/64ND 감도(2000룩스,89.9%반사율) F10(표준)(1920 x 1080/59.94i 모드) 최소 조도 0.14lx(표준)(1920 x 1080/59.94i 모드, F1.9, +18dB 게인, 64프레임 누적) 신호 대 잡음비 54dB(Y)(표준) 수평 해상도 1000 TV 라인 이상(1920 x 1080i 모드) 셔터 속도 1/33~1/2000초 셔터 각도 180,90,45,22.5,11.25도 슬로우 셔터(SLS) 2,3,4,5,6,7,8,16,32 및 64프레임 누적 Slow &Quick Motion 기능 720P 1 to 60fps 중 기록 프레임 레이트 선택 가능 1080P 1 to 30fps 중 기록 프레임 레이트 선택 가능 신호 입출력 오디오 입력 XLR-3핀(암)(2), 라인/마이크/마이크 +48V 선택 가능 A/V 출력 - 컴포지트 출력 BNC(1),1.0Vp-p,75Ω S-VIDEO 출력 Y:1.0Vp-p, 75Ω 언밸런스드, 동기 네거티브 오디오 출력 RCA 유형(CH-1,CH-2), -10dBu(기준 레벨), 47kΩ 컴포넌트 출력 미니 D(1), Y:1.0Vp-p, 75Ω, Pb/Pr:0.7Vp-p, 75Ω SDI 출력 BNC(1), HD-SDI/SD-SDI 선택 가능 i.LINK 입력/출력 IEEE1394, 4핀(1), HDV 스트림 입력/출력, S400 타임코드 입력 BNC(1), 0.5~18Vp-p, 10Ω 타임코드 출력 BNC(1), 1.0Vp-p, 75Ω 젠록 입력 BNC(1), 1.0Vp-p, 75Ω USB Mini-B(1), 고속 USB 2.0 헤드폰 출력 스테레오 미니 단자(1), -20.5dBu(기준 레벨 출력, 16Ω 로드) 스피커 출력 - DC 입력 DC 단자 배터리 입력 5핀 원격 제어 8핀 내장 뷰파인더 LCD 뷰파인더/화면 3.5인치*형 컬러 LCD 모니터, 약 921,000 유효 픽셀, 640(H)x 3(RGB)x 480(V), 16:9,하이브리드 유형 0.54인치*형 컬러 LCD, 1120(H)x 225(V), 16:9 내장 마이크 캡슐 유형 - 저장 미디어 슬롯 유형 Express Card/34(x 2) 인터페이스 Express Card 호환 일반 사항 중량 약 1.9kg(렌즈 제외)약 3.6kg (렌즈, 렌즈 후드, 접안렌즈, BP-U30 배터리, SxS PRO 메모리 카드 1개 장착 시) 크기(너비 x 높이 x 깊이) 250 x 210 x 400mm(렌즈 포함, 돌출부 제외) 사용 전원 DC 12V 소비 전력 약 13.5W(기록 도중 LCD 뷰파인더 On) 작동 온도 0~+40℃ 보관 온도 -20~+60℃ 연속 작동 시간 BP-U60 배터리 사용 시 약 210분BP-U30 배터리 사용 시 약 100분 기록 포맷 비디오 MPEG-2 Long GOPHQ 모드:VBR, 최대 비트 레이트:35Mb/s,MPEG-2 MP@HLSP 모드:CBR, 25Mb/s, MPEG-2 MP@HL 오디오 리니어 PCM(2채널,16비트,48kHz) 기록 프레임 레이트 NTSC 설정 HQ 모드:1920 x 1080/59.94i, 29.97P,23.98P, 1280 x 720/59.94P, 29.97P, 23.98PSP 모드:1440 x 1080/59.94i PAL 설정 HQ 모드:1920 x 1080/50i, 25P, 1280 x 720/50P, 25PSP 모드:1440 x 1080/50i 기록/재생 시간 HQ 모드 SBP-16(16GB) 메모리 카드 사용 시 약 50분SBP-8(8GB) 메모리 카드 사용 시 약 25분 SP 모드 SBP-16(16GB) 메모리 카드 사용 시 약 70분SBP-8(8GB) 메모리 카드 사용 시 약 35분 렌즈 렌즈 마운트 1/2인치 EX 마운트 Zoom Ratio Selectable 14x(광학), 서보/수동 Focal Length f = 5.8~81.2mm(35mm 렌즈로 환산 시 31.4~439mm) Iris F1.9~F16 및 Close, 서보/수동 선택 가능 Maximum relative aperture 1:1.9 Focus AF/MF/Full MF 선택 가능, 800mm~∞(MACRO OFF),50 mm~∞(MACRO ON,광각), 735~∞(MACRO ON,망원) Image Stabilizer ON/OFF 선택 가능, 렌즈 시프트 Filter Thread M77mm, 0.75mm 피치(렌즈에서) 카메라 픽업 장치 3칩 1/2인치 Exmor Full HD CMOS 유효 픽셀 수 1920(가로)x1080(세로) 광학 시스템 F1.6 프리즘 시스템 내장 필터 ND 필터 OFF:클리어, 1:1/8ND, 2:1/64ND 감도(2000룩스,89.9%반사율) F10(표준)(1920 x 1080/59.94i 모드) 최소 조도 0.14lx(표준)(1920 x 1080/59.94i 모드, F1.9, +18dB 게인, 64프레임 누적) 신호 대 잡음비 54dB(Y)(표준) 수평 해상도 1000 TV 라인 이상(1920 x 1080i 모드) 셔터 속도 1/33~1/2000초 셔터 각도 180,90,45,22.5,11.25도 슬로우 셔터(SLS) 2,3,4,5,6,7,8,16,32 및 64프레임 누적 Slow &Quick Motion 기능 720P 1 to 60fps 중 기록 프레임 레이트 선택 가능 1080P 1 to 30fps 중 기록 프레임 레이트 선택 가능 신호 입출력 오디오 입력 XLR-3핀(암)(2), 라인/마이크/마이크 +48V 선택 가능 A/V 출력 - 컴포지트 출력 BNC(1),1.0Vp-p,75Ω S-VIDEO 출력 Y:1.0Vp-p, 75Ω 언밸런스드, 동기 네거티브 오디오 출력 RCA 유형(CH-1,CH-2), -10dBu(기준 레벨), 47kΩ 컴포넌트 출력 미니 D(1), Y:1.0Vp-p, 75Ω, Pb/Pr:0.7Vp-p, 75Ω SDI 출력 BNC(1), HD-SDI/SD-SDI 선택 가능 i.LINK 입력/출력 IEEE1394, 4핀(1), HDV 스트림 입력/출력, S400 타임코드 입력 BNC(1), 0.5~18Vp-p, 10Ω 타임코드 출력 BNC(1), 1.0Vp-p, 75Ω 젠록 입력 BNC(1), 1.0Vp-p, 75Ω USB Mini-B(1), 고속 USB 2.0 헤드폰 출력 스테레오 미니 단자(1), -20.5dBu(기준 레벨 출력, 16Ω 로드) 스피커 출력 - DC 입력 DC 단자 배터리 입력 5핀 원격 제어 8핀 내장 뷰파인더 LCD 뷰파인더/화면 3.5인치*형 컬러 LCD 모니터, 약 921,000 유효 픽셀, 640(H)x 3(RGB)x 480(V), 16:9,하이브리드 유형 0.54인치*형 컬러 LCD, 1120(H)x 225(V), 16:9 내장 마이크 캡슐 유형 - 저장 미디어 슬롯 유형 Express Card/34(x 2) 인터페이스 Express Card 호환 일반 사항 중량 약 1.9kg(렌즈 제외)약 3.6kg (렌즈, 렌즈 후드, 접안렌즈, BP-U30 배터리, SxS PRO 메모리 카드 1개 장착 시) 크기(너비 x 높이 x 깊이) 250 x 210 x 400mm(렌즈 포함, 돌출부 제외) 사용 전원 DC 12V 소비 전력 약 13.5W(기록 도중 LCD 뷰파인더 On) 작동 온도 0~+40℃ 보관 온도 -20~+60℃ 연속 작동 시간 BP-U60 배터리 사용 시 약 210분BP-U30 배터리 사용 시 약 100분 기록 포맷 비디오 MPEG-2 Long GOPHQ 모드:VBR, 최대 비트 레이트:35Mb/s,MPEG-2 MP@HLSP 모드:CBR, 25Mb/s, MPEG-2 MP@HL 오디오 리니어 PCM(2채널,16비트,48kHz) 기록 프레임 레이트 NTSC 설정 HQ 모드:1920 x 1080/59.94i, 29.97P,23.98P, 1280 x 720/59.94P, 29.97P, 23.98PSP 모드:1440 x 1080/59.94i PAL 설정 HQ 모드:1920 x 1080/50i, 25P, 1280 x 720/50P, 25PSP 모드:1440 x 1080/50i 기록/재생 시간 HQ 모드 SBP-16(16GB) 메모리 카드 사용 시 약 50분SBP-8(8GB) 메모리 카드 사용 시 약 25분 SP 모드 SBP-16(16GB) 메모리 카드 사용 시 약 70분SBP-8(8GB) 메모리 카드 사용 시 약 35분 렌즈 렌즈 마운트 1/2인치 EX 마운트 Zoom Ratio Selectable 14x(광학), 서보/수동 Focal Length f = 5.8~81.2mm(35mm 렌즈로 환산 시 31.4~439mm) Iris F1.9~F16 및 Close, 서보/수동 선택 가능 Maximum relative aperture 1:1.9 Focus AF/MF/Full MF 선택 가능, 800mm~∞(MACRO OFF),50 mm~∞(MACRO ON,광각), 735~∞(MACRO ON,망원) Image Stabilizer ON/OFF 선택 가능, 렌즈 시프트 Filter Thread M77mm, 0.75mm 피치(렌즈에서) 카메라 픽업 장치 3칩 1/2인치 Exmor Full HD CMOS 유효 픽셀 수 1920(가로)x1080(세로) 광학 시스템 F1.6 프리즘 시스템 내장 필터 ND 필터 OFF:클리어, 1:1/8ND, 2:1/64ND 감도(2000룩스,89.9%반사율) F10(표준)(1920 x 1080/59.94i 모드) 최소 조도 0.14lx(표준)(1920 x 1080/59.94i 모드, F1.9, +18dB 게인, 64프레임 누적) 신호 대 잡음비 54dB(Y)(표준) 수평 해상도 1000 TV 라인 이상(1920 x 1080i 모드) 셔터 속도 1/33~1/2000초 셔터 각도 180,90,45,22.5,11.25도 슬로우 셔터(SLS) 2,3,4,5,6,7,8,16,32 및 64프레임 누적 Slow &Quick Motion 기능 720P 1 to 60fps 중 기록 프레임 레이트 선택 가능 1080P 1 to 30fps 중 기록 프레임 레이트 선택 가능 신호 입출력 오디오 입력 XLR-3핀(암)(2), 라인/마이크/마이크 +48V 선택 가능 A/V 출력 - 컴포지트 출력 BNC(1),1.0Vp-p,75Ω S-VIDEO 출력 Y:1.0Vp-p, 75Ω 언밸런스드, 동기 네거티브 오디오 출력 RCA 유형(CH-1,CH-2), -10dBu(기준 레벨), 47kΩ 컴포넌트 출력 미니 D(1), Y:1.0Vp-p, 75Ω, Pb/Pr:0.7Vp-p, 75Ω SDI 출력 BNC(1), HD-SDI/SD-SDI 선택 가능 i.LINK 입력/출력 IEEE1394, 4핀(1), HDV 스트림 입력/출력, S400 타임코드 입력 BNC(1), 0.5~18Vp-p, 10Ω 타임코드 출력 BNC(1), 1.0Vp-p, 75Ω 젠록 입력 BNC(1), 1.0Vp-p, 75Ω USB Mini-B(1), 고속 USB 2.0 헤드폰 출력 스테레오 미니 단자(1), -20.5dBu(기준 레벨 출력, 16Ω 로드) 스피커 출력 - DC 입력 DC 단자 배터리 입력 5핀 원격 제어 8핀 내장 뷰파인더 LCD 뷰파인더/화면 3.5인치*형 컬러 LCD 모니터, 약 921,000 유효 픽셀, 640(H)x 3(RGB)x 480(V), 16:9,하이브리드 유형 0.54인치*형 컬러 LCD, 1120(H)x 225(V), 16:9 내장 마이크 캡슐 유형 - 저장 미디어 슬롯 유형 Express Card/34(x 2) 인터페이스 Express Card 호환 일반 사항 중량 약 1.9kg(렌즈 제외)약 3.6kg (렌즈, 렌즈 후드, 접안렌즈, BP-U30 배터리, SxS PRO 메모리 카드 1개 장착 시) 크기(너비 x 높이 x 깊이) 250 x 210 x 400mm(렌즈 포함, 돌출부 제외) 사용 전원 DC 12V 소비 전력 약 13.5W(기록 도중 LCD 뷰파인더 On) 작동 온도 0~+40℃ 보관 온도 -20~+60℃ 연속 작동 시간 BP-U60 배터리 사용 시 약 210분BP-U30 배터리 사용 시 약 100분 기록 포맷 비디오 MPEG-2 Long GOPHQ 모드:VBR, 최대 비트 레이트:35Mb/s,MPEG-2 MP@HLSP 모드:CBR, 25Mb/s, MPEG-2 MP@HL 오디오 리니어 PCM(2채널,16비트,48kHz) 기록 프레임 레이트 NTSC 설정 HQ 모드:1920 x 1080/59.94i, 29.97P,23.98P, 1280 x 720/59.94P, 29.97P, 23.98PSP 모드:1440 x 1080/59.94i PAL 설정 HQ 모드:1920 x 1080/50i, 25P, 1280 x 720/50P, 25PSP 모드:1440 x 1080/50i 기록/재생 시간 HQ 모드 SBP-16(16GB) 메모리 카드 사용 시 약 50분SBP-8(8GB) 메모리 카드 사용 시 약 25분 SP 모드 SBP-16(16GB) 메모리 카드 사용 시 약 70분SBP-8(8GB) 메모리 카드 사용 시 약 35분 렌즈 렌즈 마운트 1/2인치 EX 마운트 Zoom Ratio Selectable 14x(광학), 서보/수동 Focal Length f = 5.8~81.2mm(35mm 렌즈로 환산 시 31.4~439mm) Iris F1.9~F16 및 Close, 서보/수동 선택 가능 Maximum relative aperture 1:1.9 Focus AF/MF/Full MF 선택 가능, 800mm~∞(MACRO OFF),50 mm~∞(MACRO ON,광각), 735~∞(MACRO ON,망원) Image Stabilizer ON/OFF 선택 가능, 렌즈 시프트 Filter Thread M77mm, 0.75mm 피치(렌즈에서) 카메라 픽업 장치 3칩 1/2인치 Exmor Full HD CMOS 유효 픽셀 수 1920(가로)x1080(세로) 광학 시스템 F1.6 프리즘 시스템 내장 필터 ND 필터 OFF:클리어, 1:1/8ND, 2:1/64ND 감도(2000룩스,89.9%반사율) F10(표준)(1920 x 1080/59.94i 모드) 최소 조도 0.14lx(표준)(1920 x 1080/59.94i 모드, F1.9, +18dB 게인, 64프레임 누적) 신호 대 잡음비 54dB(Y)(표준) 수평 해상도 1000 TV 라인 이상(1920 x 1080i 모드) 셔터 속도 1/33~1/2000초 셔터 각도 180,90,45,22.5,11.25도 슬로우 셔터(SLS) 2,3,4,5,6,7,8,16,32 및 64프레임 누적 Slow &Quick Motion 기능 720P 1 to 60fps 중 기록 프레임 레이트 선택 가능 1080P 1 to 30fps 중 기록 프레임 레이트 선택 가능 신호 입출력 오디오 입력 XLR-3핀(암)(2), 라인/마이크/마이크 +48V 선택 가능 A/V 출력 - 컴포지트 출력 BNC(1),1.0Vp-p,75Ω S-VIDEO 출력 Y:1.0Vp-p, 75Ω 언밸런스드, 동기 네거티브 오디오 출력 RCA 유형(CH-1,CH-2), -10dBu(기준 레벨), 47kΩ 컴포넌트 출력 미니 D(1), Y:1.0Vp-p, 75Ω, Pb/Pr:0.7Vp-p, 75Ω SDI 출력 BNC(1), HD-SDI/SD-SDI 선택 가능 i.LINK 입력/출력 IEEE1394, 4핀(1), HDV 스트림 입력/출력, S400 타임코드 입력 BNC(1), 0.5~18Vp-p, 10Ω 타임코드 출력 BNC(1), 1.0Vp-p, 75Ω 젠록 입력 BNC(1), 1.0Vp-p, 75Ω USB Mini-B(1), 고속 USB 2.0 헤드폰 출력 스테레오 미니 단자(1), -20.5dBu(기준 레벨 출력, 16Ω 로드) 스피커 출력 - DC 입력 DC 단자 배터리 입력 5핀 원격 제어 8핀 내장 뷰파인더 LCD 뷰파인더/화면 3.5인치*형 컬러 LCD 모니터, 약 921,000 유효 픽셀, 640(H)x 3(RGB)x 480(V), 16:9,하이브리드 유형 0.54인치*형 컬러 LCD, 1120(H)x 225(V), 16:9 내장 마이크 캡슐 유형 - 저장 미디어 슬롯 유형 Express Card/34(x 2) 인터페이스 Express Card 호환 일반 사항 중량 약 1.9kg(렌즈 제외)약 3.6kg (렌즈, 렌즈 후드, 접안렌즈, BP-U30 배터리, SxS PRO 메모리 카드 1개 장착 시) 크기(너비 x 높이 x 깊이) 250 x 210 x 400mm(렌즈 포함, 돌출부 제외) 사용 전원 DC 12V 소비 전력 약 13.5W(기록 도중 LCD 뷰파인더 On) 작동 온도 0~+40℃ 보관 온도 -20~+60℃ 연속 작동 시간 BP-U60 배터리 사용 시 약 210분BP-U30 배터리 사용 시 약 100분 기록 포맷 비디오 MPEG-2 Long GOPHQ 모드:VBR, 최대 비트 레이트:35Mb/s,MPEG-2 MP@HLSP 모드:CBR, 25Mb/s, MPEG-2 MP@HL 오디오 리니어 PCM(2채널,16비트,48kHz) 기록 프레임 레이트 NTSC 설정 HQ 모드:1920 x 1080/59.94i, 29.97P,23.98P, 1280 x 720/59.94P, 29.97P, 23.98PSP 모드:1440 x 1080/59.94i PAL 설정 HQ 모드:1920 x 1080/50i, 25P, 1280 x 720/50P, 25PSP 모드:1440 x 1080/50i 기록/재생 시간 HQ 모드 SBP-16(16GB) 메모리 카드 사용 시 약 50분SBP-8(8GB) 메모리 카드 사용 시 약 25분 SP 모드 SBP-16(16GB) 메모리 카드 사용 시 약 70분SBP-8(8GB) 메모리 카드 사용 시 약 35분 렌즈 렌즈 마운트 1/2인치 EX 마운트 Zoom Ratio Selectable 14x(광학), 서보/수동 Focal Length f = 5.8~81.2mm(35mm 렌즈로 환산 시 31.4~439mm) Iris F1.9~F16 및 Close, 서보/수동 선택 가능 Maximum relative aperture 1:1.9 Focus AF/MF/Full MF 선택 가능, 800mm~∞(MACRO OFF),50 mm~∞(MACRO ON,광각), 735~∞(MACRO ON,망원) Image Stabilizer ON/OFF 선택 가능, 렌즈 시프트 Filter Thread M77mm, 0.75mm 피치(렌즈에서) 카메라 픽업 장치 3칩 1/2인치 Exmor Full HD CMOS 유효 픽셀 수 1920(가로)x1080(세로) 광학 시스템 F1.6 프리즘 시스템 내장 필터 ND 필터 OFF:클리어, 1:1/8ND, 2:1/64ND 감도(2000룩스,89.9%반사율) F10(표준)(1920 x 1080/59.94i 모드) 최소 조도 0.14lx(표준)(1920 x 1080/59.94i 모드, F1.9, +18dB 게인, 64프레임 누적) 신호 대 잡음비 54dB(Y)(표준) 수평 해상도 1000 TV 라인 이상(1920 x 1080i 모드) 셔터 속도 1/33~1/2000초 셔터 각도 180,90,45,22.5,11.25도 슬로우 셔터(SLS) 2,3,4,5,6,7,8,16,32 및 64프레임 누적 Slow &Quick Motion 기능 720P 1 to 60fps 중 기록 프레임 레이트 선택 가능 1080P 1 to 30fps 중 기록 프레임 레이트 선택 가능 신호 입출력 오디오 입력 XLR-3핀(암)(2), 라인/마이크/마이크 +48V 선택 가능 A/V 출력 - 컴포지트 출력 BNC(1),1.0Vp-p,75Ω S-VIDEO 출력 Y:1.0Vp-p, 75Ω 언밸런스드, 동기 네거티브 오디오 출력 RCA 유형(CH-1,CH-2), -10dBu(기준 레벨), 47kΩ 컴포넌트 출력 미니 D(1), Y:1.0Vp-p, 75Ω, Pb/Pr:0.7Vp-p, 75Ω SDI 출력 BNC(1), HD-SDI/SD-SDI 선택 가능 i.LINK 입력/출력 IEEE1394, 4핀(1), HDV 스트림 입력/출력, S400 타임코드 입력 BNC(1), 0.5~18Vp-p, 10Ω 타임코드 출력 BNC(1), 1.0Vp-p, 75Ω 젠록 입력 BNC(1), 1.0Vp-p, 75Ω USB Mini-B(1), 고속 USB 2.0 헤드폰 출력 스테레오 미니 단자(1), -20.5dBu(기준 레벨 출력, 16Ω 로드) 스피커 출력 - DC 입력 DC 단자 배터리 입력 5핀 원격 제어 8핀 내장 뷰파인더 LCD 뷰파인더/화면 3.5인치*형 컬러 LCD 모니터, 약 921,000 유효 픽셀, 640(H)x 3(RGB)x 480(V), 16:9,하이브리드 유형 0.54인치*형 컬러 LCD, 1120(H)x 225(V), 16:9 내장 마이크 캡슐 유형 - 저장 미디어 슬롯 유형 Express Card/34(x 2) 인터페이스 Express Card 호환 일반 사항 중량 약 1.9kg(렌즈 제외)약 3.6kg (렌즈, 렌즈 후드, 접안렌즈, BP-U30 배터리, SxS PRO 메모리 카드 1개 장착 시) 크기(너비 x 높이 x 깊이) 250 x 210 x 400mm(렌즈 포함, 돌출부 제외) 사용 전원 DC 12V 소비 전력 약 13.5W(기록 도중 LCD 뷰파인더 On) 작동 온도 0~+40℃ 보관 온도 -20~+60℃ 연속 작동 시간 BP-U60 배터리 사용 시 약 210분BP-U30 배터리 사용 시 약 100분 기록 포맷 비디오 MPEG-2 Long GOPHQ 모드:VBR, 최대 비트 레이트:35Mb/s,MPEG-2 MP@HLSP 모드:CBR, 25Mb/s, MPEG-2 MP@HL 오디오 리니어 PCM(2채널,16비트,48kHz) 기록 프레임 레이트 NTSC 설정 HQ 모드:1920 x 1080/59.94i, 29.97P,23.98P, 1280 x 720/59.94P, 29.97P, 23.98PSP 모드:1440 x 1080/59.94i PAL 설정 HQ 모드:1920 x 1080/50i, 25P, 1280 x 720/50P, 25PSP 모드:1440 x 1080/50i 기록/재생 시간 HQ 모드 SBP-16(16GB) 메모리 카드 사용 시 약 50분SBP-8(8GB) 메모리 카드 사용 시 약 25분 SP 모드 SBP-16(16GB) 메모리 카드 사용 시 약 70분SBP-8(8GB) 메모리 카드 사용 시 약 35분 렌즈 렌즈 마운트 1/2인치 EX 마운트 Zoom Ratio Selectable 14x(광학), 서보/수동 Focal Length f = 5.8~81.2mm(35mm 렌즈로 환산 시 31.4~439mm) Iris F1.9~F16 및 Close, 서보/수동 선택 가능 Maximum relative aperture 1:1.9 Focus AF/MF/Full MF 선택 가능, 800mm~∞(MACRO OFF),50 mm~∞(MACRO ON,광각), 735~∞(MACRO ON,망원) Image Stabilizer ON/OFF 선택 가능, 렌즈 시프트 Filter Thread M77mm, 0.75mm 피치(렌즈에서) 카메라 픽업 장치 3칩 1/2인치 Exmor Full HD CMOS 유효 픽셀 수 1920(가로)x1080(세로) 광학 시스템 F1.6 프리즘 시스템 내장 필터 ND 필터 OFF:클리어, 1:1/8ND, 2:1/64ND 감도(2000룩스,89.9%반사율) F10(표준)(1920 x 1080/59.94i 모드) 최소 조도 0.14lx(표준)(1920 x 1080/59.94i 모드, F1.9, +18dB 게인, 64프레임 누적) 신호 대 잡음비 54dB(Y)(표준) 수평 해상도 1000 TV 라인 이상(1920 x 1080i 모드) 셔터 속도 1/33~1/2000초 셔터 각도 180,90,45,22.5,11.25도 슬로우 셔터(SLS) 2,3,4,5,6,7,8,16,32 및 64프레임 누적 Slow &Quick Motion 기능 720P 1 to 60fps 중 기록 프레임 레이트 선택 가능 1080P 1 to 30fps 중 기록 프레임 레이트 선택 가능 신호 입출력 오디오 입력 XLR-3핀(암)(2), 라인/마이크/마이크 +48V 선택 가능 A/V 출력 - 컴포지트 출력 BNC(1),1.0Vp-p,75Ω S-VIDEO 출력 Y:1.0Vp-p, 75Ω 언밸런스드, 동기 네거티브 오디오 출력 RCA 유형(CH-1,CH-2), -10dBu(기준 레벨), 47kΩ 컴포넌트 출력 미니 D(1), Y:1.0Vp-p, 75Ω, Pb/Pr:0.7Vp-p, 75Ω SDI 출력 BNC(1), HD-SDI/SD-SDI 선택 가능 i.LINK 입력/출력 IEEE1394, 4핀(1), HDV 스트림 입력/출력, S400 타임코드 입력 BNC(1), 0.5~18Vp-p, 10Ω 타임코드 출력 BNC(1), 1.0Vp-p, 75Ω 젠록 입력 BNC(1), 1.0Vp-p, 75Ω USB Mini-B(1), 고속 USB 2.0 헤드폰 출력 스테레오 미니 단자(1), -20.5dBu(기준 레벨 출력, 16Ω 로드) 스피커 출력 - DC 입력 DC 단자 배터리 입력 5핀 원격 제어 8핀 내장 뷰파인더 LCD 뷰파인더/화면 3.5인치*형 컬러 LCD 모니터, 약 921,000 유효 픽셀, 640(H)x 3(RGB)x 480(V), 16:9,하이브리드 유형 0.54인치*형 컬러 LCD, 1120(H)x 225(V), 16:9 내장 마이크 캡슐 유형 - 저장 미디어 슬롯 유형 Express Card/34(x 2) 인터페이스 Express Card 호환중량 약 1.9kg(렌즈 제외)약 3.6kg (렌즈, 렌즈 후드, 접안렌즈, BP-U30 배터리, SxS PRO 메모리 카드 1개 장착 시) 크기(너비 x 높이 x 깊이) 250 x 210 x 400mm(렌즈 포함, 돌출부 제외) 사용 전원 DC 12V 소비 전력 약 13.5W(기록 도중 LCD 뷰파인더 On) 작동 온도 0~+40℃ 보관 온도 -20~+60℃ 연속 작동 시간 BP-U60 배터리 사용 시 약 210분BP-U30 배터리 사용 시 약 100분 기록 포맷 비디오 MPEG-2 Long GOPHQ 모드:VBR, 최대 비트 레이트:35Mb/s,MPEG-2 MP@HLSP 모드:CBR, 25Mb/s, MPEG-2 MP@HL 오디오 리니어 PCM(2채널,16비트,48kHz) 기록 프레임 레이트 NTSC 설정 HQ 모드:1920 x 1080/59.94i, 29.97P,23.98P, 1280 x 720/59.94P, 29.97P, 23.98PSP 모드:1440 x 1080/59.94i PAL 설정 HQ 모드:1920 x 1080/50i, 25P, 1280 x 720/50P, 25PSP 모드:1440 x 1080/50i 기록/재생 시간 HQ 모드 SBP-16(16GB) 메모리 카드 사용 시 약 50분SBP-8(8GB) 메모리 카드 사용 시 약 25분 SP 모드 SBP-16(16GB) 메모리 카드 사용 시 약 70분SBP-8(8GB) 메모리 카드 사용 시 약 35분 렌즈 렌즈 마운트 1/2인치 EX 마운트 Zoom Ratio Selectable 14x(광학), 서보/수동 Focal Length f = 5.8~81.2mm(35mm 렌즈로 환산 시 31.4~439mm) Iris F1.9~F16 및 Close, 서보/수동 선택 가능 Maximum relative aperture 1:1.9 Focus AF/MF/Full MF 선택 가능, 800mm~∞(MACRO OFF),50 mm~∞(MACRO ON,광각), 735~∞(MACRO ON,망원) Image Stabilizer ON/OFF 선택 가능, 렌즈 시프트 Filter Thread M77mm, 0.75mm 피치(렌즈에서) 카메라 픽업 장치 3칩 1/2인치 Exmor Full HD CMOS 유효 픽셀 수 1920(가로)x1080(세로) 광학 시스템 F1.6 프리즘 시스템 내장 필터 ND 필터 OFF:클리어, 1:1/8ND, 2:1/64ND 감도(2000룩스,89.9%반사율) F10(표준)(1920 x 1080/59.94i 모드) 최소 조도 0.14lx(표준)(1920 x 1080/59.94i 모드, F1.9, +18dB 게인, 64프레임 누적) 신호 대 잡음비 54dB(Y)(표준) 수평 해상도 1000 TV 라인 이상(1920 x 1080i 모드) 셔터 속도 1/33~1/2000초 셔터 각도 180,90,45,22.5,11.25도 슬로우 셔터(SLS) 2,3,4,5,6,7,8,16,32 및 64프레임 누적 Slow &Quick Motion 기능 720P 1 to 60fps 중 기록 프레임 레이트 선택 가능 1080P 1 to 30fps 중 기록 프레임 레이트 선택 가능 신호 입출력 오디오 입력 XLR-3핀(암)(2), 라인/마이크/마이크 +48V 선택 가능 A/V 출력 - 컴포지트 출력 BNC(1),1.0Vp-p,75Ω S-VIDEO 출력 Y:1.0Vp-p, 75Ω 언밸런스드, 동기 네거티브 오디오 출력 RCA 유형(CH-1,CH-2), -10dBu(기준 레벨), 47kΩ 컴포넌트 출력 미니 D(1), Y:1.0Vp-p, 75Ω, Pb/Pr:0.7Vp-p, 75Ω SDI 출력 BNC(1), HD-SDI/SD-SDI 선택 가능 i.LINK 입력/출력 IEEE1394, 4핀(1), HDV 스트림 입력/출력, S400 타임코드 입력 BNC(1), 0.5~18Vp-p, 10Ω 타임코드 출력 BNC(1), 1.0Vp-p, 75Ω 젠록 입력 BNC(1), 1.0Vp-p, 75Ω USB Mini-B(1), 고속 USB 2.0 헤드폰 출력 스테레오 미니 단자(1), -20.5dBu(기준 레벨 출력, 16Ω 로드) 스피커 출력 - DC 입력 DC 단자 배터리 입력 5핀 원격 제어 8핀 내장 뷰파인더 LCD 뷰파인더/화면 3.5인치*형 컬러 LCD 모니터, 약 921,000 유효 픽셀, 640(H)x 3(RGB)x 480(V), 16:9,하이브리드 유형 0.54인치*형 컬러 LCD, 1120(H)x 225(V), 16:9 내장 마이크 캡슐 유형 - 저장 미디어 슬롯 유형 Express Card/34(x 2) 인터페이스 Express Card 호환",2025-05-29
2,촬영,Sony HXR-MC50N,대여가능,10000,10,http://www.snmedia.or.kr/rental/equipment.asp,"MC50N 본체, 후드, 외부마이크, 윈드스크린, 마이크 홀더, 배터리(표준1/대용량1), 전원어댑터, 전원선, USB 케이블, 소프트케이스","전문가용 캠코더를 축소한 콤팩트한 사이즈의 메모리 타입 캠코더입니다. G렌즈 탑재, 스테디샷의 손떨림보정 기능을 제공하며, 64G 메모리가 내장되어 있습니다.","중량 (기본 제공 배터리, 렌즈 후드 및 마이크 포함) 670g 전원 요구사항(AC 어댑터/배터리) 8.4V / 6.8V 배터리 작동 시간 연속 레코딩 시간 약 215분(NP-FV70: 완충된 배터리) /약 430분(NP-FV100: 완충된 배터리) 레코딩 포맷 비디오 포맷 (HD)비디오 포맷 (SD) MPEG-4 AVC / H.264 (AVCHD)MPEG-2 PS 오디오 포맷 (HD)오디오 포맷 (SD) Dolby Digital 2ch / 5.1ch, 16비트, 48kHzDolby Digital 2ch / 5.1ch, 16비트, 48kHz 레코딩 프레임 레이트 AVCHD FX(24 Mbps) 1920 x 1080 / 60i / 16:9, AVCHD FH(17 Mbps) 1920 x 1080 / 60i / 16:9, AVCHD HQ(9Mbps) 1440 x 1080 / 60i / 16:9, AVCHD LP(5 Mbps) 1440 x 1080 / 60i / 16:9, MPEG2 SD HQ(9 Mbps) 720 x 480 / 60i / 16:9, 4:3 레코딩/플레이백 시간 32GB Memory Stick PRO-HX Duo FX(24Mbps) Dolby Digital 2ch 레코딩 시 175분(2시간 55분 정지영상 해상도(Photo 모드) 1200만 화소 4000 x 3000(4:3), 4000 x 2250(16:9) 줌 배율 소니 G Lens, 10x(광학), 120x 디지털 줌 포커스 길이 f = 3.8 ~ 38 mm (25mm 렌즈로 환산 시 16:9 모드에서 f = 29.8~298 mm, 4:3 모드에서 f = 36.5~365 mm) 포커스 전체 범위 자동/수동 이미지 흔들림 보정 Active / Standard / OFF 선택 가능 필터 직경 37mm 카메라 구성부 촬상 소자 ClearVid 픽셀 어레이의 1/2.88인치 타입 ExmorR CMOS총 픽셀 수 : 약 6,631,000실제 비디오 : 약 4,150,000(16:9) 최소 조도 3lx(Low LUX 모드, 1/30 셔터) 셔터 속도 1/8 - 1/10000(수동 셔터 속도 제어) 아이리스 F1.8 -F3.4 Slow & Quick Motion 기능 Smooth Slow Rec에서 240fps(고정)*화질이 저하됩니다. 화이트 밸런스 자동, 실외(5800K), 실내(3200 K), 원푸시(터치 패널) 입력/출력 마이크 입력 스테레오 미니 단자(x1) ø 3.5 mm A/V 리모트 커넥터 Video / S Video / Audio / Component Out / Remote USB USB 장치, Mini-B/Hi-Speed(x1) 헤드폰 출력 스테레오 미니 단자(x1) ø 3.5 mm HDMI 출력 HDMI 미니 커넥터(x1) 모니터링 뷰파인더 0.2인치 타입 약 201,600도트(300 x 224 x 3 [RGB]), 4:3 화면비 내장 LCD 모니터 3.2인치 타입, XtraFine LCD, 약 921,600도트(1920x480), 16:9 화면비 내장 마이크 5.1ch 서라운드 또는 2ch 스테레오 마이크 레코딩 미디어 내부 메모리 64GB 플래시 메모리 타입 Memory Stick PRO Duo(Mark2), Memory Stick PRO-HG Duo, Memory Stick PRO-HG Duo HX",2025-05-29
3,촬영,Sony HXR-NX5N,대여가능,30000,4,http://www.snmedia.or.kr/rental/equipment.asp,"NX5N 본체, 후드, UV 필터, 외부마이크, 윈드스크린, 뷰파인더 아이컵, 충전기, 충전기 전원선, 배터리(표준1/대용량1),메모리카드(16G 2ea), 소프트케이스, AC배터리 팩, 에어브러쉬","소니에서 크게 히트 친 PD-170, Z1카메라의 계보를 잊는 카메라입니다. SD카드에 저장되는 메모리 방식이며, GPS 기능이 탑재되어 촬영장소 이동이 많은 경우 특히 유용하게 활용하실 수 있습니다.","*중량( 배터리 , 렌즈 덮개 겸 렌즈 후드 , 대형 아이컵 , ECM-XM1, 메모리 카드 부착시 ) NP-F770 약 2.6kg *사용 전원 (AC 어댑터 / 배터리 ) 8.4V / 7.2V *소비 전력 (보통 밝기로 LCD 및 ECM-XM1 사용시) 약 7.9W- 플래시 메모리 유닛 HXR-FMU128 을 사용하는 경우 평균 소비 전력이 약 1.1W 증가합니다 . *배터리 작동 시간 연속 레코딩 시간 약 365 분 (NP-F970: 완충된 배터리 ) *레코딩 포맷 비디오 포맷 HD MPEG-4 AVC/H.264 (AVCHD) *SD MPEG-2 PS *오디오 포맷 HD 리니어 PCM 2 채널 , 16 비트 , 48kHz /*Dolby Digital 2 채널 , 16 비트 , 48kHz *SD Dolby Digital 2 채널 , 16 비트 , 48kHz *레코딩 프레임 레이트 AVCHD FX (24Mbps) 1920 x 1080/60i _AVCHD FH (17Mbps) 1920 x 1080/60i _AVCHD HQ (9Mbps) 1440 x 1080/60i _AVCHD LP (5Mbps) 1440 x 1080/60i _AVCHD FX (24Mbps) 1920 x 1080/24p _AVCHD FH (17Mbps) 1920 x 1080/24p _AVCHD FX (24Mbps) 1920 x 1080/30p _AVCHD FH (17Mbps) 1920 x 1080/30p _AVCHD FX (24Mbps) 1280 x 720/60p _AVCHD FH (17Mbps) 1280 x 720/60p _MPEG2 SD HQ (9Mbps) 720 x 480/60i _MPEG2 SD HQ (9Mbps) 720 x 480/60i (24p Scan) _MPEG2 SD HQ (9Mbps) 720 x 480/60i (30p Scan) *레코딩 / 플레이백 시간 170 분 (2 시간 50 분 ) (32GB Memory Stick PRO-HG Duo HX(24Mbps) 리니어 PCM 2 채널 레코딩 시 ) *줌 배율 소니 G 렌즈 , 20x( 광학 ), 1.5x 디지털 익스텐더 *포커스 길이 f = 4.1 ~ 82.0 mm (25mm 렌즈로 환산 시 16:9 모드에서 f = 29.5~590mm, 4:3 모드에서 f = 36.1~722mm) *아이리스 오토 / 매뉴얼 (F1.6-F11, 닫힘 ) 포커스 AF/MF 선택 가능 , 800mm ~ ∞ (MACRO OFF), 10mm ~ ∞ (MACRO ON, Wide), 800mm ~ ∞ (MACRO ON, Tele) *이미지 스태빌라이저 ON/OFF 선택 가능 , 렌즈 시프트 *필터 직경 72mm 카메라 구성부 *촬상 소자 ClearVid 픽셀 어레이를 갖춘 3 칩 1/3 인치형 Exmor CMOS *Effective picture Elements 1920 (H) x 1080 (V) *내장 광 필터 Clear, 1/4, 1/16, 1/64 *최소 조도 1.5 룩스 ( 오토 게인 , 오토 아이리스 , 1/30 셔터 속도 ) *셔터 속도 오토 60i/60p: 1/60 - 1/2000, 30p: 1/30 - 1/2000, 24p: 1/48 - 1/2400 *매뉴얼 60i/30p/60p: 1/4 - 1/10000, 24p: 1/3 - 1/10000 *Slow & Quick Motion 기능 향상된 Smooth Slow Rec 에서 120fps( 고정 )_ 화질이 저하됩니다 . *화이트 밸런스 오토 , 원푸시 오토 (A/B 위치 ), 실내 (3200K), 실외 ( 선택 가능 레벨 -7 ~ +7, 약500K 간격 ), 수동 WB 온도 ( 선택 가능 범위 2300K ~ 15000K, 100K 간격 ) 개인 오토 / 매뉴얼 (-6dB - 21dB, 3dB 간격 )  입력 / 출력 *오디오 입력 XLR 3 핀 ( 암 ) (x2), LINE/MIC/MIC +48V 선택 가능 *컴포지트 출력 RCA 유형 (x1) *오디오 출력 RCA 유형 (CH-1, CH-2) *컴포넌트 출력 Mini-D 단자를 통한 RCA 타입 (x3) *SDI 출력 BNC(x1), HD-SDI/SD-SDI 선택 가능 *USB USB 장치 , Mini-B/Hi-Speed(x1) *헤드폰 출력 스테레오 미니 단자 (x1) 3.5mm *스피커 출력 모노 *DC 입력 전원 코드 *리모트 제어 리모트 : 스테레오 미니 - 미니 단자 (x1) 2.5mm *HDMI 출력 HDMI 커넥터 (x1)  모니터링 *뷰파인더 0.45 인치 타입 , 약 1,226,880 도트 (852x3[RGB]x480), 16:9 화면비 *내장 LCD 모니터 3.2 인치 타입 , XtraFine LCD, 약 921,600 도트 , 하이브리드 유형 , 16:9 화면비  내장 마이크 스테레오 마이크  매체 타입 Memory Stick PRO Duo(Mark2) ™ , Memory Stick PRO-HG Duo ™ , Memory Stick HG Duo HX ™ SD/SDHC Memory Card 플래시 메모리 유닛",2025-05-29
4,촬영,Canon IXUS 230HS,대여가능,5000,10,http://www.snmedia.or.kr/rental/equipment.asp,"본체, 배터리, 충전기, 충전기 전원선, 메모리카드(16G 1ea), 소프트케이스","슬림한 바디, 28mm 광각렌즈, 광학 8배줌, 1,210만 화소 고감도 센서, 32장면 스마트오토가 지원되는 작지만 강한 컴팩트 디지털 카메라입니다.","이미지 센서  카메라 유효 화소수 : 약 1210만 화소 렌즈 초점 거리 : 5.0 (W) - 40.0 (T) mm (35mm 필름 환산: 28 (W) - 224 (T) mm)  줌 배율 : 8x  촬영 범위 : 1 cm - 무한 (W), 1 m - 무한 (T)   * 접사 1 - 50 cm (W) - 1.6 ft. (W)   이미지 스태빌라이저 (IS) 시스템 렌즈 이동 방식  이미징 프로세서 DIGIC 4  LCD 모니터 종류 : TFT 컬러 (광시야각 타입) 유효 화소수  약 461,000 도트 가로세로비  4:3 기능 밝기 조절(5 단계), 퀵 브라이트 LCD 초점  자동 초점: 단일 (자동 모드에서는 연속), 서보 AF/서보 AE AF 프레임 얼굴우선 AiAF, 추적 AF, 중앙 측광 방식  평가 측광, 중앙 중점 평균, 스팟 측광 ISO 감도 (표준 출력 감도, 권장 노출 지수) 자동, ISO 100/200/400/800/1600/3200 (P 모드) 화이트 밸런스 자동, 태양광, 흐림, 텅스텐, 형광등, 형광등 H, 사용자 설정 셔터 스피드  1 - 1/2000초 , 15 - 1/2000초 (전체 셔터 스피드 범위) 조리개 원형  f/넘버 : f/3.0 - f/9.0 (W), f/5.9 - f/18 (T) 플래시범위 50 cm - 4.0 m (W), 50 cm - 2.0 m (T) / (W), 1.6 - 6.6 ft. (T)  디지털 줌 정지 이미지/동영상: 약 4.0x ,(광학 줌과 결합하여 최대 약 32x) 세이프티 줌, 연속 촬영 속도 : 약 3.5 매/초 (P 모드) / 약 8.7 매/초 (고속 연사 모드) 기록 매체 SD 메모리 카드, SDHC 메모리 카드, SDXC 메모리 카드 파일 형식 카메라 파일 시스템용 설계 규약, DPOF (버전 1.1) 호환 데이터 형식 정지 이미지 : Exif 2.3 (JPEG) 동영상 :MOV (이미지 데이터: H.264; 음성 데이터 : 리니어 PCM (스테레오) 인터페이스Hi-Speed USB  HDMI 출력  아날로그 음성 출력 (스테레오)  아날로그 영상 출력 (NTSC/PAL) 전원 배터리 팩 NB-4L 크기 (CIPA 규격) 95.8 x 56.8 x 22.1 mm 무게 (CIPA 규격) 약 140 g (배터리 및 메모리 카드 포함) 약 121 g (카메라 바디) ",2025-05-29
5,촬영,Canon EOS 600D,대여가능,10000,4,http://www.snmedia.or.kr/rental/equipment.asp,"본체, 렌즈(18-55mm), UV필터, 뷰파인더 홀더, 배터리,충전기, 충전기 전원선,USB 케이블, 메모리카드(16G 1ea),렌즈 캡, 마운트 캡, 에어브러시, 스트랩, 소프트케이스",캐논의 보급형 DSLR로 스틸사진은 물론 Full HD EOS Movie 동영상까지 촬영이 가능합니다.,"형태   디지털, 일안 반사식, AF/AE 카메라 (플래시 내장)       기록매체   SD 메모리 카드, SDHC 메모리 카드, SDXC 메모리 카드       이미지 센서 크기   약 22.3 x 14.9 mm       사용 렌즈   캐논 EF 렌즈 (EF-S 렌즈 포함)(35mm 환산 초점 거리는 렌즈에 표기된 초점 거리의 약 1.6배)       렌즈 마운트   캐논 EF 마운트       이미지 센서       형태   CMOS 센서       유효 화소수   약 1,800만 화소       가로 세로비   3:2       먼지 제거 기능   자동, 수동, 먼지 삭제 데이터 첨부                 레코딩 시스템       기록형식   카메라 파일 시스템용 설계 규약 2.0       이미지 형식   JPEG, RAW (14bit 캐논 독자 방식)RAW+JPEG Large 동시 기록 가능            기록 화소수   L (Large) : 약 17.90 메가픽셀 (5184 x 3456)M (Medium) : 약 8.00 메가픽셀 (3456 x 2304)S1 (Small 1) : 약 4.50 메가픽셀 (2592 x 1728)S2 (Small 2) : 약 2.50 메가픽셀 (1920 x 1280)S3 (Small 3) : 약 350,000 픽셀 (720 x 480)RAW : 약 17.90 메가픽셀 (5184 x 3456)                 촬영 시 이미지 프로세싱       픽쳐 스타일   자동, 표준, 인물사진, 풍경, 뉴트럴, 충실 설정, 모노크롬, 사용자 설정 1 - 3       표현 셀렉트 기능   분위기를 선택해서 촬영, 조명이나 장면에 따라 촬영       화이트 밸런스   자동, 프리셋 (태양광, 그늘, 흐림, 텅스텐 광, 백색 형광등, 플래시), 사용자 정의화이트 밸런스 보정과 화이트 밸런스 브라케팅 기능 가능* 플래시 색온도 정보 통신 가능       노이즈 감소   장시간 노출과 ISO 고감도를 사용한 촬영에 적용 가능       자동 이미지 밝기 보정   자동 밝기 최적화 기능       하이라이트 톤 우선   가능       렌즈 주변 조도 보정   가능       뷰파인더       형식   아이레벨 펜타미러       시야율   가로/세로 약 95% (아이포인트 약 19 mm)       배율   약 0.85x (무한에서 50mm 렌즈로 -1m-1)       아이포인트   약 19 mm (-1m-1에서 접안 렌즈 중앙으로부터)       내장 시도 조절   약 -3.0 - +1.0 m-1 (dpt)       포커싱 스크린   고정, 프리시즌 매트       미러   퀵 리턴 타입       피사계 심도 미리 보기   가능            오토포커스       형식   TTL 2차 결상 위상차 검출 방식       AF 포인트   9개의 AF 포인트       측광 범위   EV -0.5 - 18 (23℃, ISO 100)       포커스 모드   One -Shot AF, AI Servo AF, AI Focus AF, 수동 초점 (MF)       AF 보조광   내장 플래시에 의한 연속적인 점멸            노출 제어       측광 모드   63분할 TTL 풀 조리개 측광- 평가 측광 (모든 AF 포인트에 연동)- 부분 측광 (중앙에서 뷰파인더의 약 9%)- 스팟 측광 (중앙에서 뷰파인더의 약 4%)- 중앙 중점 평균 측광       측광 범위   EV 1 - 20 (23℃, EF50mm f/1.4 USM 렌즈, ISO 100)       노출 제어   프로그램 AE (장면 인텔리전트 오토, 플래시 발광금지, 크리에이티브 오토, 인물, 풍경, 클로즈업, 스포츠,야경 인물, 프로그램), 셔터 우선 AE, 조리개 우선 AE, 수동 노출, 자동 피사계심도 AE       ISO 감도(권장 노출 지수)   베이직 존 모드: ISO 100 - 3200 범위에서 자동으로 지정크리에이티브 존 모드 :ISO 100 - 6400 범위에서 수동으로 지정 (1 스탑 단위),ISO 100 - 6400 범위에서 자동으로 지정,ISO 자동으로 설정 가능한 최대 ISO 감도 또는 'H'(ISO 12800에 해당)로 ISO 확장       노출 보정   수동: 1/3 또는 1/2 스탑 단위로 ±5 스탑AEB: 1/3 또는 1/2 스탑 단위로 ±2 스탑 (수동 노출 보정과 연동 가능)       AE 잠금   자동: 초점이 맞았을 때 평가 측광으로 One -Shot AF 모드에서 적용수동: AE 잠금 버튼 사용       셔터       형식   전자 제어식 포컬 플래인 셔터       셔터 스피드   1/4000 초에서 1/60 초 (장면 인텔리전트 오토 모드),1/200 초에서 X -동조1/4000 초에서 30 초, 벌브 (전체 셔터 스피드 범위.셔터 스피드 범위는 촬영 모드에 따라 달라집니다.)            플래시       내장 플래시   자동 팝업 플래시가이드 No.: 약 13/43 (ISO 100, m/ft)플래시 범위: 약 17mm 렌즈 화각충전 시간 약 3 초무선 마스터 유닛 기능 제공       외부 플래시   EX 시리즈 스피드라이트 (카메라에서 플래시 기능 설정 가능)       플래시 측광   E-TTL II 오토플래시       플래시 노출 보정   1/3 또는 1/2 스탑 단위로 ±2 스탑       FE 잠금   제공       PC 단자   없음            드라이브 시스템       드라이브 모드   1매 촬영, 연속 촬영, 10초 또는 2초 지연 셀프 타이머,10초 지연 셀프 타이머로 연속 촬영       연속 촬영 스피드   최대 약 3.7 매/초       최대 연속 촬영 매수   JPEG Large/Fine: 약 34 매RAW: 약 6 매RAW+JPEG Large/Fine: 약 3 매* 수치는 4GB 카드를 사용한 캐논 테스트 규격 (ISO 100,'표준' 픽쳐 스타일) 기준입니다.                      라이브 뷰 촬영       화면 비율 설정   3:2, 4:3, 16:9, 1:1       포커싱   라이브 모드, 얼굴 우선 라이브 모드 (콘트라스트 검출 방식),퀵 모드 (위상차 검출 방식)수동 포커스 (약 5x / 10x 확대 가능)       측광 모드   이미지 센서에서 평가 측광       측광 범위   EV 0 - 20 (23℃, EF50mm f/1.4 USM 렌즈, ISO 100)       격자 표시   2 종류            동영상 촬영       동영상 압축   MPEG-4 AVC/H.264가변 (평균) 비트율       오디오 기록 형식   리니어 PCM       기록 형식   MOV       기록 크기와프레임 레이트   1920x1080 (Full HD) : 30p/25p/24p1280x720 (HD) : 60p/50p640x480 (SD) : 30p/25p* 30p: 29.97 fps, 25p: 25.00 fps, 24p: 23.976 fps, 60p:59.94 fps, 50p: 50.00 fps       파일 크기   1920x1080 (30p/25p/24p) : 약 330 MB/분1280x720 (60p/50p) : 약 330 MB/분640x480 (30p/25p) : 약 82.5 MB/분       포커싱   라이브 뷰 촬영과 동일한 포커싱                 측광 모드   이미지 센서를 사용한 중앙 중점 평균측광 및 평가 측광* 포커싱 모드에 따라 자동 설정       측광 범위   EV 0 - 20 (23℃, EF50mm f/1.4 USM 렌즈, ISO 100)       노출 제어   동영상용 프로그램 AE와 수동 노출       노출 보정   1/3 스탑 단위로 ±3 스탑 (정지 사진: ±5 스탑)       ISO 감도   자동 노출 촬영: ISO 100 - 6400 범위 내에서 자동 설정수동 노출, ISO 100 - 6400 범위 내에서 자동/수동 설정       디지털 줌   약 3x - 10x       비디오 스냅샷   2초/4초/8초로 설정 가능       녹음   내장 모노 마이크로폰외장 스테레오 마이크로폰 단자 제공녹음 레벨 조정 가능, 윈드 필터 제공       격자 표시   2 종류       LCD 모니터            타입   TFT 컬러, 액정 모니터       모니터 크기 및 도트수   와이드, 7.62cm (3.0형) (3:2), 약 104만 도트       각도 조정   가능       밝기 조정   수동 (7 단계)       인터페이스 언어   25개 언어       기능 안내   표시 가능       재생       이미지 디스플레이 형식   단일, 단일 + 정보 (기본 정보, 촬영 정보, 히스토그램),4매 인덱스, 9매 인덱스, 이미지 회전 가능       이미지 표시 방식   단일 이미지, 이미지 10매나 100매 점프, 촬영일 점프,폴더 점프, 동영상 점프, 정지영상 점프, 등급 점프            줌 배율   약 1.5x - 10x       하이라이트 경고   과다 노출된 하이라이트 영역이 점멸       동영상 재생   가능 (LCD 모니터, 영상/음성 출력, HDMI OUT)내장 스피커       슬라이드 쇼   모든 이미지, 날짜별, 폴더별, 동영상, 정지영상 또는 등급별5가지 재생 효과 선택 가능       배경 음악   슬라이드 쇼와 동영상 재생용으로 선택 가능       저음 강화   가능       이미지 후처리       필터 효과   거친 흑백, 소프트 포커스, 어안렌즈 효과, 토이 카메라 효과,미니어처 효과       리사이즈   가능       다이렉트 프린팅       호환 프린터   PictBridge 호환 프린터       출력가능 이미지   JPEG과 RAW 이미지       인쇄 명령   DPOF 버전 1.1 호환       사용자 설정       사용자 정의 기능   12개       마이 메뉴 등록   제공       저작권 정보   입력 및 저장 가능       인터페이스       음성/영상 출력/디지털 단자   아날로그 영상 (NTSC/PAL 선택 가능)/스테레오 음성 출력PC 통신 및 다이렉트 프린트용 (Hi-Speed USB)       HDMI mini OUT 단자   C 타입 (해상도 자동 전환), CEC 호환       외부 마이크 입력 단자   3.5mm 직경 스테레오 미니 잭       리모트 컨트롤 단자   리모트 스위치 RS-60E3용       무선 리모트 컨트롤   리모트 컨트롤러 RC-6       Eye-Fi 카드   사용 가능            전원       배터리   배터리 팩 LP-E8 (1개)* AC 전원은 AC 어댑터 키트 ACK-E8을 통해 사용할 수 있습 니다.* 배터리 그립 BG-E8 부착 시에는 AA/LR6 사이즈 배터리를 사용할 수 있습니다.       배터리 수명(CIPA 시험 규격 기준)   뷰파인더 촬영시: 23℃에서 약 440 매, 0℃에서 약 400 매라이브 뷰 촬영시: 23℃에서 약 180 매, 0℃에서 약 150 매       동영상 촬영 시간   23℃에서 약 1시간 40분0℃에서 약 1시간 20분(완전 충전된 배터리 팩 LP-E8 사용 시)            크기와 무게       크기 (W x H x D)   약 133.1 x 99.5 x 79.7 mm       무게   약 570 g (CIPA 가이드라인),약 515 g (본체)",2025-05-29
6,촬영,Canon EOS 5D Mark Ⅱ,대여가능,30000,1,http://www.snmedia.or.kr/rental/equipment.asp,"본체, 뷰파인더 홀더, 배터리(2), 충전기,충전기 전원선, 메모리카드(32G 1ea), 마운트 캡, 에어브러시, 스트랩, 카메라 가방","35mm 필름과 동일한 크기의 센서를 가진 캐논의 고급형 DSLR 카메라입니다. 캐논 최초로 동영상 촬영기능을 채택하였으며, 특유의 색감과 심도 표현으로 뮤직비디오나 영화, 다큐, 예능 촬영에 두루 사용되고 있습니다.","형태   디지털, 일안 반사식, AF/AE 카메라       기록매체   Type I 또는 II CF 카드, UDMA 호환       이미지센서 크기   36 x 24 mm       호환렌즈   캐논 EF 렌즈 (EF-S 렌즈 제외)(렌즈의 유효 초점 거리는 렌즈 표기와 동일)       렌즈 마운트   캐논 EF마운트       이미지 센서       형태   CMOS센서       픽셀   약 2,110만 화소       가로 세로비   3 : 2       먼지 제거 기능   자동, 수동, 먼지 삭제 데이터 첨부            레코딩 시스템       기록형식   카메라 파일 시스템용 설계 규약 2.0       이미지 형식   JPEG, RAW (14bit Canon Original)RAW+JPEG 동시 기록 가능       폴더 생성/선택   가능       기록 화소수   Large: 약 21.00 메가픽셀 (5616 x 3744)Medium: 약 11.10 메가픽셀 (4080 x 2720)Small: 약 5.20 메가픽셀 (2784 x 1856)RAW: 약 21.10 메가픽셀 (5616 x 3744)sRAW1: 약 10.00 메가픽셀 (3861 x 2574)sRAW2: 약 5.20 메가픽셀 (2784 x 1856)            이미지 프로세싱       픽쳐 스타일   표준, 인상 사진, 풍경, 뉴트럴, 충실 설정, 모노크롬, 사용자 설정 1 - 3       화이트 밸런스   자동, 프리셋 (태양광, 그늘, 흐림, 텅스텐 광, 백색 형광등, 플래시), 사용자 정의, 색 온도 설정 (2500-10000K)화이트 밸런스 보정과 화이트 밸런스 브라케팅 기능 가능* 색 온도 정보 전송 가능       노이즈 감소   장시간 노출과 고감도 촬영에 적용 가능       자동 이미지 밝기 보정   자동 밝기 최적화 기능       하이라이트 톤 우선   가능       렌즈 주변 조도 보정   가능       뷰 파인더       형식   아이레벨 펜타프리즘       시계율   가로/세로 약 98%       배율   약 0.71x (무한에서 50mm렌즈로 -1m-1)       아이포인트   약 21 mm (-1m-1에서 접안 렌즈 중앙으로 부터)       내장 시도 조절   -3.0 - +1.0 m-1 (dpt)       포커싱 스크린   교환 가능 (2 종류 별매), Eg-A 표준 포커싱 스크린 기본 제공       미러   퀵 리턴 타입       피사계 심도 미리보기   가능            오토포커스       형식   TTL 2차 결상 위상차 검출 방식       AF 포인트   9 + 6 AF 포인트       측광 범위   EV -0.5 - 18 (23°C, ISO 100)       초점 모드   One-Shot AF, AI Servo AF, AI Focus AF, 수동 초점 (MF)       AF 보조광   EOS 전용 외부 스피드라이트에 의한 발광       AF 미세조정   AF 미세 조정 가능            노출 제어       측광 모드   - 35분할 TTL 풀 조리개 측광(1) 평가 측광 (모든 AF 포인트에 연동)(2) 부분 측광 (중앙에서 뷰파인더의 약 8%)(3) 스팟 측광 (중앙에서 뷰파인더의 약 3.5%)(4) 중앙부 중점 평균 측광       측광 범위   EV 1 - 20 (23°C, EF50mm f/1.4 USM 렌즈, ISO 100)       노출 제어   프로그램 AE (완전 자동, 크리에이티브 자동, 프로그램), 셔터 우선 AE, 조리개 우선 AE, 수동 노출, 벌브 노출       ISO 감도 범위   완전 자동, 크리에이티브 자동: ISO 100 - 3200이 자동으로 지정P, Tv, Av, M, B: ISO 100-6400 (1/3 스톱 단위) 설정 가능, 자동 또는 ISO 50 (L), ISO 12800 (H1), ISO 25600 (H2)으로 확장 가능       AE 잠금   자동: 초점이 맞았을 때 평가 측광으로 One-Shot AF 모드에서 적용수동: AE 잠금 버튼 사용            셔터       형식   전자 제어 방식의 포커 플래인 셔터       셔터스피드   1/8000 초에서 30 초, 벌브 (전체 셔터 스피드 범위. 가능한 범위는 촬영 모드에 따라 달라집니다.)1/200초에서 X-동조            외부 스피드라이트       호환 플래시   EX 시리즈 스피드라이트       플래시 측광   E-TTL II 오토플래시       FE 잠금   가능       PC 단자   제공            드라이브 시스템       드라이브 모드   싱글 촬영, 연속 촬영, 10 초 셀프 타이머/리모컨, 2초 셀프 타이머/리모컨       연속 촬영 속도   최대 초당 3.9 매       연속 촬영 횟수   JPEG Large/Fine: 약 78 매 (약 310 매),RAW: 약 13 매 (약 14매)RAW+JPEG Large/Fine: 약 8 매 (약 8매)* 수치는 2GB 카드를 사용한 캐논의 테스트 표준 규격(ISO 100과 표준 픽쳐 스타일)을 기준으로 얻은 값입니다.* 괄호 내의 수치는 캐논의 테스트 표준 규격을 기준으로 Ultra DMA (UDMA) 2GB 카드 사용을 적용한 값입니다.       LCD 모니터       형식   TFT 칼라 액정 모니터       모니터 사이즈   3.0인치, 약 920,000 도트 (VGA)       커버리지   약 100%       밝기 조정   자동 (어둡게/표준/밝게), 수동 (7 레벨)       인터페이스 언어   25개 언어            이미지 재생       이미지 디스플레이 형식   단일, 단일+정보 (이미지 기록 화질, 촬영 정보, 히스토그램), 4매 인덱스, 9매 인덱스, 이미지 회전 가능       하이라이트 경고   과다 노출된 하이라이트 영역이 점멸       줌 배율   약 1.5x - 10x       이미지 표시 방식   단일 이미지, 이미지 10매나 100매, 화면, 촬영일, 폴더, 동영상, 사진 점프       동영상 재생   가능 (LCD 모니터, 영상/음성 OUT, HDMI OUT), 내장 스피커       라이브 뷰 촬영       촬영 모드   사진 촬영과 동영상 촬영       포커싱   퀵 모드 (위상차 검출 방식)라이브 모드, 라이브 얼굴 우선 모드 (콘트라스트 검출 방식)수동 포커스 (5x/10x 확대 가능)       측광 모드   이미지 센서에서 평가 측광 (사진)/ 중앙 중점 평균 측광 (동영상)       측광 범위   EV 0 - 20 (23°C, EF50mm f/1.4 USM 렌즈, ISO 100)       저소음 촬영   제공 (사진 촬영)       동영상   MOV (영상: H.264, 음성: Linear PCM)촬영 사이즈: 1920 x 1080, 640 x 480동영상 연속 촬영 시간: 약 24분 (SD), 약 12분 (HD)       다이렉트 프린팅       호환 프린터   PictBridge 호환 프린터       출력가능 이미지   JPEG과 RAW 이미지       인쇄 명령   DPOF 버전 1.1 호환            사용자 설정       사용자 정의 기능   25개       카메라 사용자 설정   모드 다이얼의 C1, C2와 C3 위치에 등록       인터페이스       디지털 단자   PC 통신 및 다이렉트 프린트용 (Hi-Speed USB) 3.5mm 직경       음성/영상 출력 단자   스테레오 미니잭 (NTSC/PAL 선택 가능)       HDMI mini OUT 단자   C 타입 (해상도 자동 변환)       외부 마이크로폰 입력 단자   3.5mm 직경. 스테레오 미니잭       무선 리모컨   리모컨 컨트롤러 RC-1/RC-5       확장 시스템용 단자   무선 파일 트랜스미터 WFT-E4/E4A 연결용       리모트 컨트롤 단자   N3 타입을 통한 리모트 컨트롤과 호환       전원       배터리   배터리 팩 LP-E6 (1개)       배터리 정보   남은 용량, 촬영 횟수, 충전 성능 표시  배터리 수명(CIPA 시험 규격 기준)   뷰파인더 촬영시:23°C에서 약 850매. 0°C에서 약 750매.라이브 뷰 촬영시:23°C에서 약 200매. 0°C에서 약 180매.  무게   * AC 전원은 AC 어댑터 키트 ACK-E6를 통해 사용할 수 있습니다.* 배터리 그립 BG-E6 부착 시에는 AA 사이즈/LR6 배터리를 사용할 수 있습니다.       크기와 무게       크기(W x H x D)   152 x 113.5 x 75 mm       무게   약 810 g (본체)       작동 환경       작동 온도 범위   0°C - 40°C       작동 습도   85% 이하            배터리 팩 LP-E6       형식   재충전가능 리튬 이온 배터리       정격 입력   7.2V       배터리 용량   1800 mAh       작동 온도 범위   0°C - 40°C       작동 습도   85% 이하       크기 (W x H x D)   38.4 x 21 x 56.8 mm       무게   약 80 g       배터리 충전기 LC-E6E       형식   배터리 팩 LP-E6 전용 충전기       전원 코드 길이   약 2m       충전 시간   2시간 30분       정격 입력/출력   정격 입력 : 100-240V AC (50/60 Hz)정격 출력 : 8.4 V DC/1.2A       작동 온도 범위   5°C - 40°C       작동 습도   85% 이하       크기 (W x H x D)   69 x 33 x 93 mm       무게   약 125 g (전원 코드 제외)",2025-05-29
7,촬영,Canon EF16-35mm F2.8L II USM,대여가능,15000,1,http://www.snmedia.or.kr/rental/equipment.asp,"렌즈(16-35mm),UV 필터, 렌즈 캡, 마운트 캡, 하드케이스",F2.8의 빠른 조리개를 지원하는 하이엔드 광학렌즈입니다.,초점거리와 최대조리개  렌즈구조 12군 16장  화각  최단초점거리 0.28m  필터지름 82mm  최대지름X최대길이(mm)/무게 88.5×111.6mm / 635g ,2025-05-29
8,촬영,Canon EF24-70mm F2.8L USM,대여가능,15000,1,http://www.snmedia.or.kr/rental/equipment.asp,"렌즈(24-70mm),UV 필터, 렌즈 캡, 마운트 캡, 하드케이스",F2.8의 빠른 조리개를 지원하는 하이엔드 표준줌렌즈입니다.,초점거리와 최대조리개 24-70mm 1:2.8  렌즈구조 16 elements in 13 groups  화각 84도-34도  최단초점거리 0.38m / 1.25 ft.  필터지름 77mm  최대지름X최대길이(mm)/무게 83.2 x 123.5mm / 950g ,2025-05-29
9,촬영,Canon EF70-200mm F2.8L II USM,대여가능,20000,1,http://www.snmedia.or.kr/rental/equipment.asp,"렌즈(70-200mm),UV 필터, 렌즈 캡, 마운트 캡,하드케이스",F2.8의 빠른 조리개를 지원하는 하이엔드 망원렌즈입니다.,"초점거리와 최대조리개 70-200mm f/2.8  렌즈구조 19군 23매 손떨림보정 효과 4단계 최단촬영거리 1.2m 필터지름 77mm  최대지름X최대길이(mm)/무게 88.8 x 199mm / 1,490g ",2025-05-29
11,촬영,Libec TH-950DV,대여가능,5000,2,http://www.snmedia.or.kr/rental/equipment.asp,"본체, 마운트 플레이트, 소프트케이스","최고 4kg까지 탑재 가능한 삼각대입니다. 일반적인 헤드와 레버를 이용한 간단한 설치 및 이용이 가능합니다. (제품무게 3.7kg) 호환기종: Sony HXR-NX5N, HXR-MC50N", 중량 : ~3.7kg 카운터 밸런스 허용범위 : 1~4kg 틸트각도 : +90 / -70  카운터 밸런스 모드 : 오프 +3포지 드래그모드 : 고정방식 카메라 플레이트 : 퀵릴리즈 플레이트 슬라이딩 범위 : ±33mm 플레이트 고정방식 : 1/4“와 비디오핀 스페어 스크류 : 없음 볼구경: 75mm 다리단수 :3단,2025-05-29
12,촬영,Manfrotto 190CXPRO3+ 볼헤드 498RC2,대여가능,5000,1,http://www.snmedia.or.kr/rental/equipment.asp,"본체, 마운트 플레이트, 소프트케이스","무게가 있는 카메라거치 트라이포드(무게 1.8Kg) 호환기종: HXR-NX5N,Canon EOS 5D Mark Ⅱ, Canon EOS 600D",중급,2025-05-29
13,촬영,SONY VCT-80AV,대여가능,3000,10,http://www.snmedia.or.kr/rental/equipment.asp,"본체, 소프트케이스, 마운트플레이트",핸디캠 범용의 유압식 삼각대입니다. 비교적 가벼워 휴대하기 편리한 제품입니다. (제품무게 1.7kg) 호환기종: Sony HXR-MC50N,최대높이 167cm 최저높이 63cm 재질 알루미늄 단수 3단 무게 1.7kg,2025-05-29
14,촬영,슬레이트,대여가능,1000,4,http://www.snmedia.or.kr/rental/equipment.asp,슬레이트,"영화촬영에 쓰이는 소품으로 클랩보드(Clapper Board), 일명 딱따기라고 불립니다. 일반적으로 동시녹음을 할 경우 사용하며 촬영일자, 씬넘버 등을 기록합니다.",,2025-05-29
20,조명,슬레이트,대여가능,20000,2,http://www.snmedia.or.kr/rental/equipment.asp,"본체(2), 소프트케이스, 전원어댑터(2), 전원선(2), 배터리(2), 전원선, 마운트 그립(2), 스탠드(2),스탠드케이스(소프트)",LED소자를 사용한 친환경 디지털조명기입니다. 가볍고 견고하며 AC 전원 및 배터리 사용 모두 가능하여 스튜디오 뿐만 아니라 야외촬영에도 가능합니다., 크기 47 X 27 X 6 cm 무게 3.84kg 색온도 3200 ~ 5600 k dimmer 0~100,2025-05-29
21,조명,Qon / LED 312,대여가능,3000,2,http://www.snmedia.or.kr/rental/equipment.asp,"본체, 소프트케이스, 디퓨즈 필터(화이트/오렌지),배터리(2), 배터리충전기(1), 전원어댑터, 슈마운트",캠코더 및 카메라의 액세서리 슈에 직접 연결하여 사용하는 휴대용 LED 조명기입니다., 크기 19 x 11.5 x 3.5cm 무게 350g 전원 18.72w 전력 DC 7.4 ~ 14.8V 색온도 5600k 밝기 6580Lux / 50cm (±100),2025-05-29
22,조명,반사판,대여가능,1000,2,http://www.snmedia.or.kr/rental/equipment.asp,"본체, 소프트케이스",간편하게 접었다 폈다 할 수 있는 휴대용 반사판입니다. 빛을 효과적으로 반사시켜 빛을 강하게 하거나 부드럽게 할 때 사용합니다.,휴대용,2025-05-29
23,조명,CANON SPEEDLITE 600EX-RT,대여가능,5000,1,http://www.snmedia.or.kr/rental/equipment.asp,"본체, 소프트케이스",카메라에 장착하여 사용하는 클립온 스토로보 중 최상위 기종으로 캐논 카메라에만 사용 가능합니다.,스트로보,2025-05-29
24,사운드,RODE 붐마이크 세트,대여가능,10000,4,http://www.snmedia.or.kr/rental/equipment.asp,"마이크, 마이크 주머니, 바스켓, 건그립, 고무밴드, 헤어리커버, (10M)마이크 라인, 케이스, Rode 붐폴, 케이스","극영화의 동시녹음, 인터뷰 촬영 등에 사용되는 붐마이크 세트입니다. 지향성마이크(NTG-2), Blimp, Boompole(3m)로 구성되어있습니다. 마이크에 배터리가 들어가는 제품입니다.",붐마이크,2025-05-29
25,사운드,SONY UWP-V1,대여가능,5000,4,http://www.snmedia.or.kr/rental/equipment.asp,"수신기, 송신기, 카메라-수신기 아답타, XLR연결케이블, 3.5-3.5라인, 라인마이크, 마이크고정핀, 소프트케이스","무선 핀 마이크를 사용하여 인터뷰, 강의, 먼 거리 대사 등을 효과적으로 녹음할 수 있습니다. 수신기를 카메라에 장착하거나 녹음기에 장착하여 사용합니다.",무선,2025-05-29
26,사운드,Sennheiser MKE400,대여가능,3000,2,http://www.snmedia.or.kr/rental/equipment.asp,"본체, 헤어리커버, 마이크라인, XLR잭젠더, 소프트케이스",DSLR 및 캠코더용 소형 샷건마이크입니다. DSLR 카메라의 부족한 내장마이크의 성능을 보완해줍니다.,DSLR용,2025-05-29
27,사운드,Zoom H4N,대여가능,5000,5,http://www.snmedia.or.kr/rental/equipment.asp,"본체, SD카드(16G), 윈드스크린, 삼각대, 플라스틱케이스, 소프트케이스","SD메모리 카드에 녹음되는 마이크가 내장된 소형 녹음기로 공연실황, 연주, 극영화 동시녹음, 인터뷰 등을 효과적으로 녹음할 수 있는 고사양 녹음기입니다.",오디오녹음기,2025-05-29
28,편집,Dell XPS15,교육/지원,0,10,http://www.snmedia.or.kr/rental/equipment.asp,"노트북 본체, 전원어댑터, 전원선, USB마우스, 소프트케이스",,편집용(Win),2025-05-29
29,편집,MacBook Pro 15,대여가능,20000,4,http://www.snmedia.or.kr/rental/equipment.asp,"맥북 본체, 전원연결케이블, 무선마우스, 소프트케이스","고급형 맥북으로 다양한 맥용 프로그램을 가정에서 편리하게 작업하실 수 있습니다. 설치프로그램: Mac OS X, iLife, FinalcutX","MacBook Pro (15-inch, Late 2011) - 제품 사양  크기와 무게 두께: 2.41cm 가로: 36.4cm 세로: 24.9cm 무게: 2.54kg1 연결 및 확장  MagSafe 전원 포트 Gigabit Ethernet 포트 FireWire 800 포트 (최대 800Mbps) USB 2.0 포트 2개 (최대 480Mbps) Thunderbolt 포트 (최대 10Gbps) 오디오 라인 입력 오디오 라인 출력 SDXC 카드 슬롯 Kensington 잠금 슬롯 무선 통신 Wi-Fi 무선 네트워크2 ( IEEE 802.11n specification 기반) IEEE 802.11a/b/g 호환 Bluetooth 2.1 + EDR (Enhanced Data Rate) 무선 기술 10/100/1000BASE-T Gigabit Ethernet (RJ-45 커넥터) 오디오 스테레오 스피커 (서브우퍼 내장) 무지향성 마이크 내장 (왼쪽 스피커 그릴 아래에 있음) 오디오 라인/미니잭 (디지털/아날로그) 오디오 라인 출력/헤드폰 미니잭 (디지털/아날로그) 마이크가 장착된 Apple iPhone 헤드셋 지원 환경 배려 MacBook Pro는 환경에 미치는 영향을 최소화하도록 설계되었습니다. 재활용성이 높은 알루미늄과 글래스 외장 수은이 포함되지 않은 LED 백라이트 디스플레이 비소를 사용하지 않은 유리 브롬화난연제를 사용하지 않음 PVC를 사용하지 않음3 에너지 효율성이 높은 Ethernet 부피를 줄인 포장 ENERGY STAR 5.2 기준 충족 EPEAT Gold 등급 취득4 디스플레이 39.1cm (대각선) 고해상도 LED 백라이트 글로시. 선택사양: 무반사 와이드스크린 디스플레이. 수백만 색상 지원 지원 해상도: 16:10 비율에서 1440 x 900 (기본), 1280 x 800, 1152 x 720, 1024 x 640, 800 x 500 픽셀. 4:3 비율에서 1024 x 768, 800 x 600, 640 x 480 픽셀. 4:3 Stretched 비율에서 1024 x 768, 800 x 600, 640 x 480 픽셀. 3:2 비율에서 720 x 480 픽셀. 3:2 Stretched 비율에서 720 x 480 픽셀. 그래픽 및 비디오 지원 2.2GHz 구성 시 AMD Radeon HD 6750M 그래픽 프로세서 (512MB GDDR5 메모리), 또는2.4GHz 구성 시 AMD Radeon HD 6770M 그래픽 프로세서 (1GB GDDR5 메모리) Intel HD Graphics 3000 (384MB DDR3 SDRAM을 메인 메모리와 공유)5 자동 그래픽 전환 기능 듀얼 디스플레이와 비디오 반영 모드: 내장 디스플레이의 기본 최대 해상도와 외장 디스플레이의 최대 2560 x 1600 픽셀을 동시에 지원, 모두 수백만 색상 지원 FaceTime HD 카메라 Thunderbolt 포트 Thunderbolt 디지털 비디오 출력 Mini DisplayPort 출력 DVI 출력: Mini DisplayPort-DVI 어댑터 사용 (선택사양) VGA 출력: Mini DisplayPort-VGA 어댑터 사용 (선택사양) 듀얼 DVI 출력: Mini DisplayPort-듀얼 링크 DVI 어댑터를 사용하여 30형 Apple Cinema HD Display 연결 지원 (선택사양) HDMI 오디오 및 비디오 출력: 타사 Mini DisplayPort-HDMI 어댑터사용 입력 풀 사이즈 키보드 78키 - 기능키 12개, 방향키 4개 포함(역 'T'자 배열) 커서를 정확하게 제어할 수 있는 Multi-Touch 트랙 패드: 두 손가락 스크롤링, 살짝 집기, 돌리기, 쓸기, 세 손가락으로 쓸기, 네 손가락으로 쓸기, 탭, 더블탭, 드래그 기능 지원 프로세서 및 메모리 2.2GHz 또는 2.4GHz 쿼드 코어 Intel Core i7 프로세서 (6MB 공유 L3 캐시). 선택사양: 2.5GHz 쿼드 코어 Intel Core i7 프로세서 (8MB 공유 L3 캐시) 4GB (2GB SO-DIMM 2개) 1333MHz DDR3 메모리. 2개의 SO-DIMM 슬롯으로 최대 8GB 지원 저장장치 500GB 또는 750GB 5400rpm Serial ATA 하드 드라이브. 선택사양: 750GB 5400rpm 하드 드라이브, 750GB 7200rpm 하드 드라이브, 또는 128GB, 256GB, 512GB Solid-State Drive6 8배속 슬롯 로딩 SuperDrive (DVD±R DL/DVD±RW/CD-RW) 최대 쓰기 속도: DVD-R, DVD+R 8배속. DVD-R DL(더블 레이어), DVD+R DL(더블 레이어), DVD-RW, DVD+RW 4배속. CD-R 24배속. CD-RW 10배속. 최대 읽기 속도: DVD-R, DVD+R, DVD-ROM 8배속. DVD-ROM(더블 레이어 DVD-9), DVD-R DL(더블 레이어), DVD+R DL(더블 레이어), DVD-RW, DVD+RW 6배속. CD 24배속. 배터리 및 전원7 최대 7 시간무선 환경 시간당 77.5W 리튬 폴리머 배터리 내장 85W MagSafe 전원 어댑터 (케이블 정리 가능) MagSafe 전원 포트 전력 및 환경 조건 전압: 100V ~ 240V AC 전원 주파수: 50Hz ~ 60Hz 작동 온도: 10° ~ 35°C 보관 온도: -24° ~ 45°C 상대 습도: 0% ~ 90% 비응결 최대 작동 고도: 3,000m 최대 보관 고도: 4,500m 최대 운송 고도: 10,668m 음향 성능 ISO 9296에 따라 선언된 소음 방출  사운드 파워 수준 LWAd (B) 1 B = 10 dB 사운드 압력 수준 운용자 위치 LpAm (dB) 2.4 GHz 2.2 GHz 2.4 GHz 2.2 GHz 대기 2.8 3.0 16 20 하드 드라이브 액세스 2.8 3.0 16 20 CD 드라이브 액세스 3.5 3.5 26 27 LWAd은 A 가중치를 적용한 통계학적 상한값 사운드 파워 수준입니다(가장 가까운 근사치인 0.1B로 반올림됨). LpAm은 운용자 위치에서 측정한 A 가중치를 적용한 평균 사운드 압력 수준입니다(가장 가까운 근사치인 dB로 반올림됨). 1B(벨) = 10dB(데시벨). 15형 MD322KH/A 자세한 사양 확인 :https://support.apple.com/kb/SP644viewlocale=ko_KR&locale=ko_KR",2025-05-29
30,편집,MacBook Air 13,교육/지원,0,2,http://www.snmedia.or.kr/rental/equipment.asp,"맥북 본체, 전원연결케이블, 무선마우스, 소프트케이스",,MC969KH/A,2025-05-29
31,편집,SONY GV-HD700,대여가능,10000,1,http://www.snmedia.or.kr/rental/equipment.asp,"모니터 본체, 전원연결케이블, 배터리(표준1), 1394케이블","HDV/DV포맷을 지원하는 포터블 플레이어 & 레코더입니다. HDV720 30P 및 1080 50i, 1080 60i를 지원하며 인덱스 서치, 타임 코드 등 다양한 플레이 기능을 제공합니다.",HDV Recorder,2025-05-29
33,편집,외장하드,대여가능,2000,10,http://www.snmedia.or.kr/rental/equipment.asp,"본체, 전원선, USB연결3.0",1TB 용량의 외장하드입니다. 미디어공방(편집실)에서 작업을 하거나 노트북으로 작업을 할 때 외장하드의 사용을 권장합니다.,"1TB(1000G) 용량이며, NTFS(윈도우즈) 포맷방식입니다.",2025-05-29
35,상영,LG HW300,대여가능,10000,1,http://www.snmedia.or.kr/rental/equipment.asp,"본체,(RGB,HDMI)케이블, 리모콘, 소프트케이스, RCA젠더, 전원선, 전원어댑터","780g의 초소형 초경량 미니빔입니다. 1280×800(WXGA)의 고화질을 구현하며, USB만 있으면 영화는 물론 프리젠테이션(엑셀,파워포인트)을 할수 있습니다.",LED/미니빔,2025-05-29
36,상영,Portable Screen,대여가능,10000,1,http://www.snmedia.or.kr/rental/equipment.asp,100인치 스크린,100인치 크기의 이동식 스크린입니다.(실내용) 야외상영시 부적합 모델 입니다.(실내강당용),100인치,2025-05-29
37,상영,SB-500,대여가능,10000,1,http://www.snmedia.or.kr/rental/equipment.asp,"본체(2ea), 앰프, 전원라인, 스테레오 55-XLR케이블(20M)(2ea),하드케이스,스탠드 (2ea), 스탠드케이스 ,Y형 RCA(스테)-3.5단자,XLR-5.5젠더(2)",500W 앰프를 탑재한 PA시스템입니다. 운반 및 설치가 쉬워 소규모 행사나 상영회에 적합합니다.,,2025-05-29
38,상영,MS-1001VCD,대여가능,5000,1,http://www.snmedia.or.kr/rental/equipment.asp,"본체, 전원어댑터,전원선, 무선마이크, 마이크케이스, 본체하드케이스",배터리 충전방식의 이동형앰프입니다. 소규모 행사나 상영회에 적합합니다.,,2025-05-29
40,라디오,YAMAHA MG16,교육/지원,10000,1,http://www.snmedia.or.kr/rental/equipment.asp,본체,"16채널 6아웃의 아날로그 믹서입니다. 충분한 인풋채널로 음악 녹음 및 공연용, 라디오방송용으로 활용 가능합니다.",Mixing Console,2025-05-29
41,라디오,Xenyx502,교육/지원,2000,1,http://www.snmedia.or.kr/rental/equipment.asp,본체,6채널 2아웃의 소형 아날로그 믹서입니다. 소규모의 라디오방송과 녹음이 가능합니다.,Mixing Console,2025-05-29
42,라디오,SM-58,대여가능,2000,5,http://www.snmedia.or.kr/rental/equipment.asp,"마이크, 케이스, XLR케이블10M",단일지향성 다이나믹 마이크입니다.,Dynamic Mic,2025-05-29
45,스마트폰,아이폰4용 촬영장비 5종 SET,대여가능,10000,2,http://www.snmedia.or.kr/rental/equipment.asp,"Gorillapod SLR-Zoom,iPhone Wide Lens ip701,iPhone Telescopic 8x Lens,Steadicam Smoothee,OWLE BUBO","Gorillapod SLR-Zoom 다리가 24개의 구형 관절로 이루어진 아주 유연한 삼각대입니다. 삼각대 기능은 물론 구부리거나 회전시켜 물체에 매달거나 재미있는 형태로 응용하여 사용할 수 있습니다. 중량 : 3kg 규격 : 3/8“ , 1/4” 수평계가 내장된 표준 1/4“ 규격의 분리 가능한 클립 크기 : 68X 45 X 63mm 무게 :150g ----------------------------------------- iPhone Wide Lens ip701 아이폰용 광각렌즈입니다. 확대 : 0.5X 최소 초점 거리 : 40mm 접안점 거리 : 3mm 제품크기 : 26.3X16.6mm 무게 : 10.2 g 알루미늄/ 멀티 옵티컬 글래스 코팅 ----------------------------------------- iPhone Telescopic 8x Lens 아이폰용 소형 망원렌즈입니다. 무게 450g 미니트라이포드 퀵릴리즈 마운트 ----------------------------------------- Steadicam Smoothee 영화촬영용 스태디캠과 동일한 원리로 설계, 제작되어 촬영자가 움직이며 촬영하여도 안정적인 영상을 얻을 수 있습니다. 크기 : 20.3cm * 36.8cm * 6.4cm 무게 : 630g(steadycam smoothee) / 78g (iphone 4용 마운트 디바이스) ----------------------------------------- OWLE BUBO 아이폰용 촬영장비로 핸드폰을 고정하여 흔들림을 방지합니다. 손으로 잡고 찍거나 삼각대에 마운트 할 수 있으며, Vericorder사의 외장 마이크와 37mm 광각/매크로 콤보 렌즈가 포함되어 있습니다. 재질 알루미늄 사용기종 아이폰4용 크기 160 x 130mm ",,2025-05-29
52,촬영,Canon EOS 5D Mark III Set,대여가능,100000,1,http://www.snmedia.or.kr/rental/equipment.asp,"본체, 스크랩, 마운트캡, 뷰파인더 홀더, 배터리(2),28,50,100mm렌즈(캐논),렌즈캡(3),마운트캡(3),100mm후드 메모리카드CF 32G(1),충전기,충전기전원선,포커스링,하드케이스","   약 2,230만 화소의 풀 프레임 CMOS 센서를 탑재하여 고화질, 고화소의 이미지 촬영 작업을 더욱 세밀하고 다양하게 할 수 있습니다. 새로운 DiGiC 5+ 이미지 프로세서가 탑재되어 초고감도를 사용한 촬영에서도 저노이즈의 우수한 결과물을 얻을 수 있으며 또한 이전 엔진인 'DIGIC 4'보다 약 17배, 'DIGIC 5'보다는 약 3배 빠른 이미지 처리를 가능하게 합니다.         상용 감도 ISO 100~25,600과 더불어 확장 감도 선택 시 50~102,400의 초저감도에서 초고감도 ISO를 지원하여 사진 촬영을 더욱 폭넓게 할 수 있습니다. (동영상 촬영 시에는 상용 감도 ISO 100 ~ 12,800 / 확장 시 25,600까지 지원) 고감도를 활용하면 빠른 셔터 속도를 확보할 수 있어 촬영 시 손떨림 또는 피사체의 빠른 움직임에 의한 흔들린 이미지 발생을 억제 할 수 있습니다.              광범위, 고밀도의 61포인트 AF시스템이 탑재되어 자유로운 구도 설정을 정확하게 할 수 있으며 EF 렌즈의 성능을 충분히 발휘할 수 있게 합니다. 또한 F4.0 렌즈에 대응하는 41포인트의 크로스 측거점을 통해 더욱 정확한 AF 사용이 가능하며 F2.8 렌즈에 대응하는 중앙 5포인트의 듀얼 크로스 측거점이 피사체를 더욱 정밀하고 정확하게 포착해냅니다.        <총 61포인트 측거점>     CMOS 센서의 읽기 경로를 8채널로 확대하고 DIGIC 5+의 처리 능력 향상으로 고속 드라이브를 통한 최대 약 6fps의 고속 연속 촬영이 가능합니다. 약 15만 컷의 촬영 내구성을 가진 셔터 유닛을 탑재하여 촬영의 안정성을 확보하였습니다. 주요 버튼부와 결합부에 실링 부품을 사용하여 방진, 방적 구조를 이루었으며 마그네슘 합금 바디 구조를 통해 내구성을 높였습니다.      <61포인트 AF와 고속 연사>   <방진 방적 설계>  <마그네슘 합금 바디>     Full HD의 고화질 동영상 촬영을 위한 EOS MOVIE 촬영 기능이 지원됩니다. 편집에 적합한 ALL-I 압축과 고압축이 가능한 IPB 압축 방식 지원, 타임 코드 기록 등을 통해 촬영 후 편집 현장의 편의성을 고려하였습니다. 4GB 이상 동영상 자동 분할 기능을 통해 FAT 규격상의 제약인 1파일당 4GB의 용량을 넘어도, 새로운 파일을 자동 작성해 연속 기록을 할 수 있습니다. (최대 상한 29분 59초) P/Av/Tv/M모드에서도 동영상 촬영 가능하여 자유로운 표현이 가능합니다. EOS 최초로 하이 프로파일을 채용하여 고화질을 유지한 압축을 실현하였습니다. 내장 마이크 및 외부 마이크 단자 지원으로 다양한 방법을 통한 녹음이 가능하며 헤드폰 단자의 지원으로 녹음 상태를 확인하며 촬영할 수 있습니다.        노출이 다른 3장의 사진을 촬영 후 카메라에서 HDR로 합성하여 명암 차이가 큰 장면에서도 밝은 부분의 날림 현상과 어두운 부분의 뭉개짐이 없는 이미지 촬영이 가능합니다. 다수의(2~9매) 사진을 선택하여 카메라 내에서 합성할 수 있는 다중 노출 기능을 통해 개성 있는 멋진 사진으로 표현할 수 있습니다.       <다중 노출 이미지>     3.2형 대형 와이드 LCD를 통한 라이브 뷰 촬영 기능을 지원하여 다양한 자세로 촬영을 더욱 편리하게 할 수 있습니다. 전자 수평계를 지원하여 라이브 뷰를 통한 촬영 시에도 수평을 손쉽게 체크할 수 있습니다. LCD에서 2개의 이미지를 동시에 표시할 수 있어 촬영자가 이미지를 비교 분석하기가 더욱 쉬워졌습니다.        전원 버튼 위치 이동 및 AF-ON 버튼 대형화 등 보다 편리해진 조작부 개선과 레이아웃 변경으로 촬영자의 조작 편의성을 크게 향상시켰습니다. M-Fn 버튼, LV/동영상 전환 스위치, 퀵 설정 버튼, 멀티 전자 락 스위치 등 다양한 버튼 신설로 보다 빠른 조작이 가능하도록 하였습니다. CF 및 SD 듀얼 카드 슬롯을 통해 이미지 관리의 효율성을 높이고 슬롯간 카드 자동 전환, 분할 저장, 다중 미디어 저장 등의 3가지 기록 방식을 지원합니다.     <편리해진 조작부/버튼부> ","형식       형태   디지털, 일안 반사식, AF/AE 카메라       기록매체   CF 카드(Type I, UDMA 모드 7 호환), SD 메모리 카드,SDHC 메모리 카드, SDXC 메모리 카드       이미지센서 크기   약 36 x 24 mm       사용 렌즈   캐논 EF 렌즈(EF - S 렌즈 제외)(35mm 환산 렌즈 초점 거리는 렌즈 표기 수치와 동일)       렌즈 마운트   캐논 EF마운트       이미지 센서       형태   CMOS 센서       유효 화소수   약 2,230 만 화소       가로 세로비   3 : 2       먼지 제거 기능   자동, 수동, 먼지 삭제 데이터 첨부       레코딩 시스템       기록형식   카메라 파일 시스템용 설계 규약 2.0       이미지 형식   JPEG, RAW(14bit 캐논 독자방식),RAW+JPEG 동시 기록 가능       기록 화소수   L (Large): 약 21.10 메가픽셀(5760 x 3840)M (Medium): 약 9.80 메가픽셀(3840 x 2560)S1 (Small 1): 약 5.50 메가픽셀(2880 x 1920)S2 (Small 2): 약 2.50 메가픽셀(1920 x 1280)S3 (Small 3): 약 350,000 픽셀(720 x 480)RAW: 약 22.10 메가픽셀(5760 x 3840)M - RAW: 약 10.50 메가픽셀(3960 x 2640)S - RAW: 약 5.50 메가픽셀(2880 x 1920)       저장 기능   표준, 카드 자동 전환, 분할 저장, 다중 미디어 저장       폴더 생성/선택   가능       파일명   초기값 설정, 사용자 설정 1, 사용자 설정 2       파일 번호   연속/자동 리셋/수동 리셋       촬영 시 이미지 프로세싱       픽쳐 스타일   자동, 표준, 인물 사진, 풍경, 뉴트럴, 충실 설정, 모노크롬,사용자 설정 1 - 3       화이트 밸런스   자동, 프리셋(태양광, 그늘, 흐림, 텅스텐 광, 백색 형광등, 플래시),사용자 정의, 색 온도 설정(약 2500 - 10000K),화이트 밸런스 보정과 화이트 밸런스 브라케팅 기능 가능* 플래시 색 온도 정보 전송 가능       노이즈 감소   장시간 노출과 고감도를 사용한 촬영에 적용 가능       자동 이미지 밝기 보정   자동 밝기 최적화 기능       하이라이트 톤 우선   제공       렌즈 수차 보정   주변 조도 보정, 색 수차 보정       뷰 파인더       형식   아이레벨 펜타프리즘       시야율   가로/세로 약 100% (아이포인트 약 21mm에서)       배율   약 0.71x (무한에서 50mm 렌즈로 -1m-1)       아이포인트   약 21 mm(-1m-1에서 접안 렌즈 중앙으로부터)       내장 시도 조절   약 -3.0 - +1.0m-1(dpt)       포커싱 스크린   고정       AF 상태 표시등   제공       격자 표시   제공       전자 수평계   가로: 1° 단위, ±6°세로: 1° 단위, ±4°* 가로 촬영 시       미러   퀵 리턴 타입       피사계 심도 미리보기   제공       오토포커스       형식   TTL 2차 결상 위상차 검출 방식       AF 포인트   61 포인트 (최대 41 크로스 타입 포인트)* 사용 가능한 AF 포인트와 크로스 타입 포인트 수는 렌즈에 따라달라집니다.       포커싱 밝기 범위   EV - 2~18 (중앙 f/2.8 AF 포인트, 23°C, ISO 100에서)       초점 모드   One - Shot AF, AI Servo AF, AI Focus AF, 수동 초점(MF)       AF 영역 선택 모드   단일 포인트 스팟 AF(수동 선택), 단일 포인트 AF(수동 선택),AF 포인트 확장 (수동 선택; 상하좌우),AF 포인트 확장 (수동 선택; 주변), 존 AF (수동 선택),61 AF 포인트의 자동 선택       AF 구성 툴   케이스 1 - 6       AI Servo 특성   추적 감도, 가속/감속 추적, AF 포인트 자동 전환       AF 미세 조정   AF 미세 조정 (모든 렌즈를 일률 조정 또는 렌즈별로 조정)       AF 보조광   EOS 전용 외부 스피드라이트에서 발광       노출 제어       측광 모드   63분할 TTL 개방 측광평가 측광 (모든 AF 포인트에 연동)부분 측광 (중앙에서 뷰파인더의 약 6.2%)스팟 측광 (중앙에서 뷰파인더의 약 1.5%)중앙 중점 평균 측광       측광 범위   EV 1 - 20 (23°C, EF50mm f/1.4 USM 렌즈, ISO 100)       노출 제어   프로그램 AE (장면 인텔리전트 오토, 프로그램),셔터 스피드 우선 AE, 조리개 우선 AE, 수동 노출, 벌브 노출       ISO 감도(권장 노출 지수)   장면 인텔리전트 오토: ISO 100 - 12800 자동 설정P, Tv, Av, M, B: 자동 ISO, ISO 100 - 25600(1/3이나 1 스톱 단위) 또는 L(50), H1(ISO 51200 상당),H2 (ISO 102400 상당)로 ISO 확장       ISO 감도 설정   ISO 감도 설정 범위, 자동 ISO 범위, 자동 ISO최저 셔터 속도 설정 가능       노출 보정   수동: 1/3 또는 1/2 스톱 단위로 ±5 스톱AEB: 1/3 또는 1/2 스톱 단위로 ±3 스톱(수동 노출 보정과 조합 가능)       AE 잠금   자동: 초점이 맞았을 때 평가 측광으로One - Shot AF 모드에서 적용수동: AE 잠금 버튼 사용       HDR 촬영       다이내믹 레인지 조절   자동, ±1 EV, ±2 EV, ±3 EV       효과   내츄럴, 아트 표준, 아트 비비드, 아트 볼드, 아트 양각       자동 이미지 정렬   가능       다중 노출       촬영 방법   기능/조작 우선, 연속 촬영 우선       다중 노출 수   2~9회의 노출       다중 노출 제어   증가, 평균, 밝게, 어둡게       셔터       형식   전자 제어식 포컬 플래인 셔터       셔터스피드   1/8000초에서 1/60초(장면 인텔리전트 오토 모드),X - 동조 1/200초.* 광각 렌즈에서는 셔터 스피드가 1/60초 이하로 더 느려질 수있습니다.1/8000초에서 30초, 벌브(전체 셔터 스피드 범위. 가능한 범위는촬영 모드에 따라 달라집니다.)       외부 스피드라이트       호환 스피드라이트   EX 시리즈 스피드라이트       플래시 측광   E-TTL II 오토플래시       플래시 노출 보정   1/3 또는 1/2 스톱 단위로 ±3 스톱       FE 잠금   제공       PC 단자   제공       외부 스피드라이트 제어   제공* 무선 플래시 촬영과 호환.       드라이브 시스템       드라이브 모드   싱글 촬영, 고속 연속 촬영, 저속 연속 촬영, 저소음 단일 촬영,저소음 연속 촬영, 10초 셀프 타이머/리모컨 제어,2초 셀프 타이머/리모컨 제어       연속 촬영 스피드   고속 연속 촬영: 최대 약 6매/초저속 연속 촬영: 최대 약 3매/초저소음 연속 촬영: 최대 약 3매/초       연속 촬영 매주   JPEG Large/Fine: 약 65매(약 16270매)RAW: 약 13매(약 18매)RAW+JPEG Large/Fine: 약 7매(약 7매)* 수치는 8GB 카드를 사용한 캐논 테스트 규격(ISO 100, 표준 픽쳐 스타일) 기준입니다.* 괄호 내의 수치는 캐논 테스트 규격 기준으로 UDMA 모드 7,128GB 카드를 사용한 경우입니다.       LCD 모니터       타입   TFT 칼라 액정 모니터       모니터 크기 및 도트 수   와이드, 8.1cm(3.2형)(3:2), 약 1,040,000 도트       밝기 조정   자동(어둡게, 표준, 밝게), 수동(7단계)       전자 수평계   가로: 1° 단위, ±6°세로: 1° 단위, ±4°       인터페이스 언어   25개 언어       기능 안내   표시 가능       재생       이미지 디스플레이 형식   단일 이미지 디스플레이, 단일 이미지+정보 표시(기본 정보,촬영 정보, 히스토그램), 4매 인덱스, 9매 인덱스, 2매 디스플레이       하이라이트 경고   과다 노출된 하이라이트 영역이 점멸       AF 포인트 표시   가능       격자 표시   세 가지 타입       줌 배율   약 1.5x - 10x, 시작 배율 및 위치 설정 가능       이미지 표시 방식   단일 이미지, 이미지 10매나 100매 점프, 촬영일 점프, 폴더 점프,동영상 점프, 정지 사진 점프, 등급 점프       이미지 회전   가능       등급   제공       동영상 재생   가능(LCD 모니터, 영상/음성 출력, HDMI OUT), 내장 스피커       슬라이드 쇼   모든 이미지, 날짜별, 폴더별, 동영상, 정지 사진 또는 등급별       이미지 보호   가능       이미지 복사   가능       라이브 뷰 촬영       화면 비율 설정   3:2, 4:3, 16:9, 1:1       포커스 모드   라이브 모드, 얼굴 우선 라이브 모드 (콘트라스트 검출 방식),퀵 모드 (위상차 검출 방식), 수동 포커스 (약 5x/10x 확대 가능)        포커싱 밝기 범위   EV 1 - 18(콘트라스트 검출 방식으로 23°C, ISO 100에서)       측광 모드   이미지 센서에서 평가 측광       측광 범위   EV 0 - 20(23°C, EF50mm f/1.4 USM 렌즈, ISO 100)       저소음 촬영   제공(모드 1과 2)       격자 표시   세 가지 타입       동영상 촬영       동영상 기록압축 방식   MPEG - 4 AVC/H.264가변(평균) 비트레이트       음성 기록 형식   리니어 PCM       기록 형식   MOV       녹화 크기 및프레임 레이트   1920x1080 (Full HD): 30p/25p/24p1280x720 (HD): 60p/50p640x480 (SD): 30p/25p* 30p: 29.97 fps, 25p: 25.00 fps, 24p: 23.976 fps,60p: 59.94 fps, 50p: 50.00 fps       압축 방식   ALL - I (I - only), IPB       파일 크기   1920x1080(30p/25p/24p)/IPB: 약 235MB/분1920x1080(30p/25p/24p)/ALL-I: 약 685MB/분1280x720(60p/50p)/IPB: 약 205MB/분1280x720(60p/50p)/ALL-I: 약 610MB/분640x480(30p/25p)/IPB: 약 78MB/분* 동영상 촬영 시 필요한 카드 읽기/쓰기 속도:CF 카드: IPB: 최소 10MB/초, ALL-I: 최소 30MB/초SD 카드: IPB: 최소 6MB/초, ALL-I: 최소 20MB/초       포커스 모드   라이브 뷰 촬영 시의 포커싱과 동일       측광 모드   이미지 센서를 사용한 중앙 중점 평균과 평가 측광* 포커싱 모드에 의해 자동으로 설정.       측광 범위   EV 0 - 20(23°C, EF50mm f/1.4 USM 렌즈, ISO 100)       노출 제어   1. 자동 노출, 2. 셔터 스피드 우선 AE, 3. 조리개 우선 AE,4. 수동 노출* 1, 2, 3에서는 노출 보정과 AE 잠금이 가능합니다(장면 인텔리전트 오토 모드에서는 제외).       노출 보정   1/3 스톱 단위로 ±3 스톱(정지 사진에서는 ±5 스톱)       ISO 감도(권장 노출 지수)   장면 인텔리전트 오토와 Tv: ISO 100 - 12800 내에서 자동으로 설정P, Av, B: ISO 100-12800 내에서 자동으로 설정,H(ISO 25600 상당)로 확장 가능M: 자동 ISO(ISO 100 - 12800 내에서 자동으로 설정),수동으로 ISO 100 - 12800 설정 (1/3 또는 1 스톱 단위로),H(ISO 16000/20000/25600 상당)로 확장 가능       타임 코드   지원       드롭 프레임   60p/30p와 호환       녹음   내장 모노 마이크, 외장 스테레오 마이크 단자 제공녹음 레벨 조절 가능, 윈드 필터 제공       헤드폰   헤드폰 단자 제공       격자 표시   세 가지 타입       정지 사진   가능       이미지 후처리       카메라 내RAW 이미지 처리   밝기 보정, 화이트 밸런스, 픽쳐 스타일, 자동 밝기 최적화 기능,고감도 ISO 노이즈 감소, JPEG 이미지 기록 화질, 색 공간,주변 조도 보정, 왜곡 보정, 색 수차 보정       리사이즈   가능       다이렉트 프린팅       호환 프린터   PictBridge 호환 프린터       출력가능 이미지   JPEG과 RAW 이미지       인쇄 명령   DPOF 버전 1.1 호환       이미지 전송       전송 가능한 이미지   정지 사진(JPEG, RAW, RAW+JPEG 이미지), 동영상       사용자 설정       사용자 정의 기능   13개       마이 메뉴 등록   가능       커스텀 촬영 모드   모드 다이얼의 C1/C2/C3 위치에 등록       저작권 정보   입력 및 포함 가능       인터페이스       음성/영상 출력/디지털 단자   아날로그 영상(NTSC/PAL과 호환)/스테레오 음성 출력PC 통신, 다이렉트 프린팅 (Hi-Speed USB),무선 파일 트랜스미터 WFT-E7, GPS 수신기 GP-E2 접속       HDMI mini OUT 단자   C 타입(해상도 자동 전환), CEC 호환       외부 마이크 입력 단자   3.5mm 스테레오 미니 잭       헤드폰 단자   3.5mm 스테레오 미니 잭       리모트 컨트롤 단자   N3 타입 리모트 컨트롤러와 호환       무선 원격 제어   리모트 컨트롤러 RC - 6       Eye-Fi 카드   호환       전원       배터리   배터리 팩 LP - E6 (1개)* AC 전원은 AC 어댑터 키트 ACK - E6로 사용할 수 있습니다.* 배터리 그립 BG - E11 부착 시에는 AA/LR6 사이즈 배터리를사용할 수 있습니다.       배터리 정보   잔여 용량, 촬영 횟수, 충전 성능, 배터리 등록 가능       배터리 수명(CIPA 시험 규격 기준)   뷰파인더 촬영 시: 23°C에서 약 950매. 0°C에서 약 850매라이브 뷰 촬영 시: 23°C에서 약 200매. 0°C에서 약 180매       동영상 촬영 시간   23°C에서 약 1시간 30분0°C에서 약 1시간 20분(완전히 충전된 배터리 팩 LP-E6 사용 시)       날짜/시간 배터리   CR1616 리튬 배터리 (1개)       크기와 무게       크기(W x H x D)   약 152.0 x 116.4 x 76.4mm       무게   약 950g (CIPA 가이드라인)약 860g (본체)       작동 환경       작동 온도 범위   0°C - 40°C       작동 습도   85% 이하       배터리 팩 LP-E6       형식   재충전가능 리튬 이온 배터리       정격 전압   7.2V DC       크기 (W x H x D)   약 38.4 x 21.0 x 56.8mm       무게   약 80 g       배터리 충전기 LC-E6E       형식   배터리 팩 LP-E6       전원 코드 길이   약 1m       충전 시간   2시간 30분       정격 입력/출력   정격 입력 : 100 - 240 V AC (50/60 Hz)정격 출력 : 8.4 V DC/1.2A       작동 온도 범위   5°C - 40°C       작동 습도   85% 이하       크기 (W x H x D)   약 69.0 x 33.0 x 93.0mm       무게   약 125g (전원 코드 제외) ",2025-05-29
64,촬영,슬라이드 캠,대여가능,10000,1,http://www.snmedia.or.kr/rental/equipment.asp,"manprotto515삼각대(플레이트,소프트케이스) 메인바디, 레그(2), 플레이트뭉치, 볼헤드(플레이크,핸드그립), 리미터 클립(2), 풀리벨트, 전원 어댑터,하드케이스,비상용끈", ,"-카메라 장비는 별도로 대여 하셔야 합니다. - 약 900g의 무게까지 탑재 가능하며, MC-50N과 DSLR을 사용하실 수 있습니다.  (HVR-5N은 사용하실 수 없습니다.)",2025-05-29
66,촬영,트랙 달리,대여가능,20000,1,http://www.snmedia.or.kr/rental/equipment.asp,,  본 장비는 지원장비로 활용중입니다.  성남미디어센터 정회원 현물지원 대상자에게만 제공됩니다. ,,2025-05-29
67,촬영,Steady cam,대여가능,30000,1,http://www.snmedia.or.kr/rental/equipment.asp,,,,2025-05-29
68,촬영,DSLR Grip Set,대여가능,30000,2,http://www.snmedia.or.kr/rental/equipment.asp,"플레이트,플레이트뭉치,매트박스(필터홀더(2)조임나사,로드브라켓),로드소(4),중(2)대(2)프론트로드,핸드그립(2) 팔로우포커스(기어포함),슈아댑터,반도(사이드(2)헤드(1))배터리팩,핸드캐리어SET(나사7,브라켓7),모니터7"", 배터리(2),충전기,전원선,포커스기어링,HDMI(일반-미니),모니터전원선(4핀),모니터커버(조임나사2)",,,2025-05-29
70,촬영,스테디 짐벌,대여가능,20000,1,http://www.snmedia.or.kr/rental/equipment.asp,"본체, 배터리(2), 소프트케이스, 콘트롤러","성능  모터 I-FLIGHT 사의 짐벌 전용모터(GBM5208/6208)을 사용하여 안정감 있고 부드러운 스테빌라이징이 가능하게 합니다 PCB ALEXMOS 사의 32비트 3축 짐벌 보드를 사용했으며 MOU를 통하여 지속적인 소프트웨어 및 펌웨어 업테이트 예정입니다 블루투스 연동 블루투스 모듈을 사용하여 짐벌의 PID값을 핸드폰으로 손쉽게 변경이 가능합니다 원터치 플레이트 원터치 형식의 카메라 플레이트 위치조절 및 손쉬운 카메라 탈부착이 가능하도록 설계하였습니다 범용 도브테일 핸들바와 메인바디에 범용도브테일을 적용하여 손쉬운 탈부착이 가능하며 와이어캠 및 기타 옵션제품과의 호환성을 높였습니다. 눈금자마킹 짐벌의 무게중심을 정확하고 정밀하게 조정할수 있도록 각 부분에 눈금자마킹을 하여 짐벌세팅 편의를 높였습니다 락킹도브 카메라의 무게 중심을 세팅 후 락킹노브를 잠궈주면 촬영 및 이동중 세팅지점의 이탈을 방지하여 줍니다. MATERIAL ALUMNUMALLOY,PLASTIC BODY+HANDLE WEIGHT 2.3KG PCB ALEXMOX32 BIT MOTOR PITCH 5208/YAW,ROLL 6208 STAND WEIGHT 0.4KG TOTAL WEIGHT 2.7KG TYPE OF CLOSURE Stainless Steel(sus) Bolt Assembly   ",,2025-05-29
72,촬영,고프로4블랙에디션,대여가능,10000,2,http://www.snmedia.or.kr/rental/equipment.asp,"본체, 하우징(1), 하우징백도어방수(1)방수LCD(1)스탠다드LCD(1), LCD터치백케이스 , AV/라인 커버, 쿽릴리즈버클, 플레이트용 쿽릴리즈, 썸스크류(1), 쓰리웨이, MICRO SD 64G, 배터리 팩 듀얼 충전기, usb 연결선, 배터리 2개, Manfrotto 소프트케이스, 방수팩","사양 / 특징 하이라이트 태그 촬영중 중요한 순간을 표시하여 재생하기, 편집하기,공유하기에서 쉽게 확인 4k 30fps 전문가 수준의 영상 화질 초고화질로 녹화 가능 4k 30fps. 2.7k 50fps. 1080P 120fps 빠른 캡쳐 한번의 버튼 터치로 전원 및 촬영 시작 빠르고 파워풀한 사진캡쳐 고품질의 사진을 최대 30프레임을 12MP의 빠른속도로 캡쳐 SUPERVIEW 슈퍼뷰 비디오모드로 더욱 넓은 와이드 앵글 촬영이 가능 내장형 와이파이 + 블루투스 탑재 고프로앱(안드로이드 및 IOS지원)과 스마트 리모트(별매)를 끊김없이 편리하게 사용 자동 저조도 저조도 상황에서 자동으로 적합한 프레임레이트를 설정하여 촬영 PROTUNE - 사진+ 동영상 영화 화질의 캡쳐 기능과 컬러.ISO.노출값 등을 스동 설정 하이퍼포먼스 오디오 새로운 오디오 시스템을 통해 기존 HERO3+ 보다 2배 더 역동적이고 선명한 오디오 녹음이 가능 야간사진+야간 타임랩스 일반사진과 타임랩스 촬영에서 노출값을 최고 30초까지 수동으로 설정이 가능 내구성+방수(40M) 극한 조건이나 환경에서 견딜 수 있도록 설계된 하우징 ",,2025-05-29
73,촬영,틸트짚,대여가능,20000,1,http://www.snmedia.or.kr/rental/equipment.asp,"본체, 소프트케이스, T4용와이어SET, T3용와이어SET, 연결나사SET",,구 분 길 이 두 께 높 이 mm (Inch) 3880 (150) 15 (0.6) 50 (2) Total Weight 6900g (15lb) ,2025-05-29
74,촬영,표준모니터 (LVM-232W),교육/지원,0,1,http://www.snmedia.or.kr/rental/equipment.asp,"본체(1), V배터리(1), 전원선(1)",LVM-232W는 다양한 영상 포맷과 강력한 전문가용 기능을 탑재한 다목적의 보급형 모니터입니다. Full HD 해상도의 최신의 IPS 광시야각 LCD 패널을 채용한 이 모니터는 티브이로직의 영상처리 기술과 결합되어 정확한 색상과 우수한 영상품질을 재현합니다.,,2025-05-29
75,촬영,무선 송수신기(AMIMON),교육/지원,0,1,http://www.snmedia.or.kr/rental/equipment.asp,"수신기(1), 송신기(1), 송신기 안테나(2), Mini HDMI to Micro HDMI(1), HDMI to Mini HDMI(1), HDMI to Mini HDMI Zender(1), 바라본 배터리(2), 바라본 전열 연결선(1), 수신기 안테나(5), HDMI(1), V배터리 전원 연결잭(1), 220V 전원 연결잭(1)","무선 영상 송수신기로써, UAV (ex.헬리캠)에 특화되어 있습니다. 세계에서 유일하게 최대 1Km가지 입출력 지연이 없는 특징을 가지고 있습니다. 1080p Full HD 지원 가능합니다.",,2025-05-29
76,촬영,드론 - 팬텀4프로 플러스,교육/지원,20000,1,http://www.snmedia.or.kr/rental/equipment.asp,"드론1ea, 리모콘1ea, 밧데리2ea, 밧데리 충전기1ea, 이동형 가방 1ea * 제품사진2 참조","* 만 18세 미만의 대여자는 개인정보의 수집 및 이용목적에 대하여 충분히 숙지하여야 한다. 또한 부모 등 법정대리인의 동의를 얻은 후 대여 가능하며, 동의에 대한 확인 절차를 거치지 않은 대여자는 가입 취소 또는 대여가 불가능하다. * 기능숙지 미숙 및 장비 운용이 부적절하다고 판단되는 경우 장비의 대여를 거부할 수 있으며,  드론대여시 항공법, 촬영법 등 각 종 법규에 위배된다고 판단될 시 대여가 불가능하다.(필히 허가서제출) ","* 회피센서 : 전면, 후면, 왼쪽, 오른쪽 * 영상화질 : 4k 60fps * 사진화질 : 2000만 화소 * 모니터 : 5.5인치 디스플레이 * 런타임 : 최대 27분",2025-05-29
78,촬영,드론 - DJi 매빅 프로,교육/지원,16000,1,http://www.snmedia.or.kr/rental/equipment.asp,"드론1ea, 리모콘1ea, 밧데리2ea, 밧데리 충전기1ea, 이동형 가방 1ea * 제품사진2 참조","  * 만 18세 미만의 대여자는 개인정보의 수집 및 이용목적에 대하여 충분히 숙지하여야 한다. 또한 부모 등 법정대리인의 동의를 얻은 후 대여 가능하며, 동의에 대한 확인 절차를 거치지 않은 대여자는 가입 취소 또는 대여가 불가능하다. * 기능숙지 미숙 및 장비 운용이 부적절하다고 판단되는 경우 장비의 대여를 거부할 수 있으며, 드론대여시 항공법, 촬영법 등 각 종 법규에 위배된다고 판단될 시 대여가 불가능하다.(필히 허가서제출)  ",* 회피센서 : 전면 * 영상화질 : 4k 60fps * 사진화질 : 1200만 화소 * 모니터 :없음(핸드폰) * 런타임 : 최대 25분,2025-05-29
79,사운드,음향 콘솔+스피커 (JBL-EON208P),대여가능,16000,1,http://www.snmedia.or.kr/rental/equipment.asp,"스피커*콘솔 일체, 마이크, 각종 라인 * 제품사진2 참조","이동형 콘솔+스피커이며 실내 공간에서 라디오, 간담회, 영화상영회시 사용 가능 (휴대용 디자인 트윈8""스피커와 8채널 믹서 클립 함께 동급 가장 광범위한 경량 및 휴대용 PA를 형성)","- 시스템 유형 : 파워 믹서 휴대용 2 웨이 풀 레인지 스피커 - 취대SPL출력 : 121dB피크 - 주파수 범위(-10dB): 20 kHz에서 -60 Hz에서 - 주파수 응답(+/- 3dB) :18 kHz에서 -70 Hz에서 - AC입력 : 100-120V, 220-240 V 50/60 Hz에서 - 앰프설계 : 클래식 D - 시스템 전력 정격 : 300W(150W 스테레오 2배) - 중량 : 17.6KG ** 기타 궁금한 사항은 JBL 홈페이지 참조",2025-05-29
81,촬영,SONY PXW-Z90,대여가능,20000,6,http://www.snmedia.or.kr/rental/equipment.asp,"본체(아이컵XLR핸들유닛+렌즈후드+캡)(1), 정품메모리(128GB(1)), 무선리모컨(1), 정품배터리(대1,소1), Sennheiser MKE400(1), AC전원어댑터+전원케이블(1), USB케이블(1), 캠코더 가방(1) * 제품사진2 참조",최초로 4K HDR을 구현함 팜 사이즈 프로페셔널 캠코더 최대 960fps*의 슈퍼 슬로우 모션 및 최대 120fps**의 S&Q모션 * 기타 세부사항sony 홈페이지 참조,"- 중량 : 약1020g(렌즈후드, 아이컵 포함) - 치수 : 121.0mm*104.0mm*274.5mm(액세서리(렌즈후드, 대형 아이컵) - 전원 : DC in8.4V/ 배터리 7.4V - 배터리 작동 시간 : 小 140분/ 大 265분 - 랜즈 마운트 : 고정식 - 줌 비율 : 12*(광학), 서보 - 초점거리 : f=9.3 - 111.6mm - 조리개 : F2.8 - F4.5 - 포커스 : AF/MF선택가능(10mm-(광각)/ 1000mm-(망원)",2025-05-29
83,촬영,오즈모 플러스,대여가능,10000,1,http://www.snmedia.or.kr/rental/equipment.asp,"핸드헬드 짐벌+카메라+모바이장치홀더(1), 대용량배터리(2), 배터리충전기(1), 마이크로 SD카드-16GB(1), Flexi마이크(1), 보관케이스(1), Rosette 보호캡(1) * 제품사진2 참조","* DJI오즈모 플러스 어플 설치 및 호환가능 핸드폰 소지 필요 (필독) - 22-77mm 줌 렌즈, 3.5배 광학 및 2배 디지털 무손실 줌 - 4k 동영상, 12메가픽설 사진, 무음 녹화 - 전문적인 3축 안정화 시스템 - 모션 타임랩스, 파노라마, 장노출을 포함한 많은 기능 지원 * 추가 이용안내는 DJI오즈모플러스 홈페이지 또는 유튜브 참조","-크기 :10.41*86.36*26.92/ 무게 :469g - 카메라 : X3 Zoom/ FC350Z / 렌즈 : 3.5배 광학 줌 / ISO범위 : 100-3200(동영상), 100-1600(사진)/ 전자셔터속도 : 8초 / 최대이미지크기 : 4000*3000픽셀 - 이미지 크기 : 4000*3000 - 배터리 : 용량 1.225/ 지속시간 90분 - 어플 : 호환어플다수(DJI GO, Litch, 360 pano 등) - 오디오출력 : 48 KHz;",2025-05-29
84,촬영,삼성 기어360 SM-R210N 액션캠,교육/지원,3000,4,http://www.snmedia.or.kr/rental/equipment.asp,"액션캠 본체(1), 메모리카드 16GB(1), 전원케이블(1), 소프트 케이스(1)","고해상도 360 카메라 - 1,500만화질로 360도 세상을 담고 싶을 때 (4096*2048) * 360도, 확장보기, 원형보기, 듀얼보기, 파노라마 보기 등 기능 탑재 - 연결/메뉴 버튼을 눌러 촬영 모드를 선택한 후 촬영OK 버튼을 누르세요. -촬영/OK 버튼을 눌러 동영상 또는 사진을 촬영하세요. - 동영상 촬영을 종료하려면 촬영/OK 버튼을 누르세요 ※ 지원 단말 : 갤럭시 S9, S9+, 노트8, 갤럭시 S8, S8+, S7, S7 edge, S6, S6 edge, S6 edge+, Note5, A5(2017), 아이폰 7, 7 플러스, 6s, 6s 플러스, SE (iOS 10.0 이상) ※ PC : Windows, Mac (USB Type A 포트가 장착된 PC만 지원합니다) ※ 연동 스마트폰의 제조사, 모델 및 OS 버전과 사용하시는 통신사, 지역 및 국가의 사정 등에 따라 일부 기능 이용이 제한될 수 있습니다. (iOS의 경우 일부 기능이 제한됩니다) 참고사이트 : https://www.samsung.com/sec/wearables/gear-360-sm-r210/SM-R210NZWAKOO/","기본 사양 - 와이파이 : 802.11a/b/g/n/ac... - 블루투스 : V4.1 - 센서 : Accelerometer,Gyro Sensor,Proximity Sensor - 외관 사양 : 98.6 x 207.8 x 122.5 mm - 무게 : 345g - 시야각 : 101도",2025-05-29
85,촬영,Canon 80D+18-135mm렌즈+외장마이크 세트,대여가능,15000,2,http://www.snmedia.or.kr/rental/equipment.asp,"1. Canon 80D : 본체, 스트랩, 렌즈캡, 아이피스, 32G메모리카드 1개, 충전기, 충전기 전원선, 베터리1개, 소프트백, 필터, 후드 2. 외장마이크 : RODE 마이크 본체, 3.5 오디오 라인, 윈드쉴드(털), 쇼크마운트(카메라 마이크 연결)","캐논제품,DSLR로 스틸사진은 물론 Full HD EOS Movie 동영상까지 촬영이 가능합니다. RODE 외장 마이크 포함입니다.",             ,2025-05-29
86,촬영,Libec RS-250,대여가능,10000,1,http://www.snmedia.or.kr/rental/equipment.asp,"본체, 마운트 플레이트, 소프트케이스",최고 6kg까지 탑재 가능한 삼각대입니다. 부드러운 이동으로 촬영 시 최고의 환경을 만들어줍니다. (제품무게 5.9kg) 호환기종: Sony HXR-NX5N ,중량 : ~6kg 카운터 밸런스 허용범위 : 1.8~5kg 틸트각도 : +90 / -70  카운터 밸런스 모드 : 무단계 드래그모드 : 2단계 카메라 플레이트 : 슬라이딩 플레이트 슬라이딩 범위 : ±40mm 플레이트 고정방식 : 1/4“와 비디오핀 스페어 스크류 : 1/4“ 와 3/8” 스크류 제품무게 : 5.9kg 높 이 : 54.5 ~165cm 볼구경: 75mm 다리단수 :3단,2025-05-29
87,사운드,8채널 녹음기 및 무선마이크 세트,교육/지원,0,1,http://www.snmedia.or.kr/rental/equipment.asp,"디지털 레코더_F8N/ZOOM,(1)/ 음향케이블_TA3 to XLR(2)/ 무선핀마이크_ew 112p G4 젠하이저 (8), 메모리카드_SDUND4-256G(2)/ 가방_PCP-8N/ZOOM(1)",8채널 녹음기 및 무선마이크 세트(ZOOM F8n + 레코더_필드백 SET) - 8채널/ 10트랙 필드 오디오 레코더/ 믹서 - 최대 75bB 게인 및 -127dBu EIN 미만의 고품질 마이크 프리엠프 - 고급 록어헤드 하이브리드 리미터 - ZOOM Auto Mix 소프트웨어 등,- 업체명 : ZOOM - 하드웨어 인터페이스 : Secure Digital Card - 제품치수 : 17.7 X 14X 5.3 cm - 무게 : 950g - 화면크기 : 2.4 ,2025-05-29
88,촬영,Sony A7M4,교육/지원,0,1,http://www.snmedia.or.kr/rental/equipment.asp,Sony A7M4 카메라 및 ZOOM 마이크 세트 일체(Sony SEL24105G 렌즈24~70mm/ F 2.8GM),"Sony A7M4, DSLR로 사진은 물론 영상촬영까지 가능합니다.","- 화면비 3:2 - 픽셀 수(전체) 약 34.1메가픽셀 - 센스유형 : 35mm 풀프레임(35.9*23.9mm) - 레코딩 포맷 : XAVC S, XAVC HS 등 소니코리아 사이트 : https://www.sony.co.kr/electronics/interchangeable-lens-cameras/ilce-7m4#product_details_default",2025-05-29
89,촬영,Sony A7C,교육/지원,0,1,http://www.snmedia.or.kr/rental/equipment.asp,Sony A7C 카메라 및 ZOOM마이크 세트 일체 (Sony SEL2470GM 24~105mm/ F4GM),"Sony A7C 카메라, DSLR로 사은 물론 영상촬영까지 가능합니다.","디카 분류 미러리스 유효 화소수 2420만화소 센서종류 CMOS(이면조사) 센서크기 풀프레임(1:1) 이미지프로세서 Bionz X LCD 화면크기 7.62cm(3인치) LCD 화면형태 회전형 뷰파인더 종류 전자식뷰파인더 뷰파인더 시야율 약100% 최고 감도 최고ISO51200 확장 감도 확장ISO204800 최고 셔터스피드 셔터:1/4000초 연사 연사:초당10매 초점방식 하이브리드AF 초점영역 693+425개 동영상 해상도 4K UHD,동영상:4K UHD @ 30프레임 인기선택사항 손떨림보정,방진/방적,WiFi,Wi-Fi,터치스크린,셀프촬영,RAW지원,HDR촬영,마이크단자,눈동자AF 연결단자 HDMI출력,USB충전,USB C타입,마이크단자,이어폰단자 배터리 NP-FZ100(2280mAh) 재질 재질:마그네슘 부피 부피:526cc 무게 509g  소니코리아 사이트 : https://www.sony.co.kr/electronics/interchangeable-lens-cameras/ilce-7m4#product_details_default",2025-05-29
90,조명,조명 NANLITE MixPanel150,교육/지원,0,1,http://www.snmedia.or.kr/rental/equipment.asp,"조명 NANLITE MixPanel150, 삼각대, 밧데리, 가방 일체","사진, 영상 촬영시 원스탠드세트형 조명",,2025-05-29
91,사운드,녹음기 ZOOM F1-LP + 핀마이크,교육/지원,0,2,http://www.snmedia.or.kr/rental/equipment.asp,"녹음기 ZOOM F1-LP + 핀마이크, ZOOM XYH-6, ZOOM EXH-6 포함 - 24 Bit/ 96kHz 녹음 - 2채널","밀착 녹음에 최적화된 전문가용 오디오 ZOOM F1 필드 레코더 + 라발리에 마이크는 전문가 수준의 오디오 품질로 모든 단어 하나의 뉘앙스까지도 잡아내야 하는 영상 촬영을 위한 최적의 솔루션입니다. (초소형 디자인, 안정적인 녹음, 간편사용, 다양한 오디오 포맷 지원 등)","- 2채널 오디오 레코더 - 다양한 ZOOM 마이크 캡슐과 호환 - 최대 24-Bit kHz의 BWF-호환 WAV 파일 또는 다양한 MP3 포맷 지원 - 원터치 버튼 컨트롤 - 1.25"" 단색 LCD 디스플레이 등",2025-05-29
92,촬영,MVK612-삼각대,교육/지원,0,3,http://www.snmedia.or.kr/rental/equipment.asp,"유압식 비디오 헤드, 가변유압식 팬, 틸트, 가방 등 포함.","삼각대 만프로트 - 촬영장비 거치 사용 가능 (360도 회전,레그락,수평계 내장,유압식,알루미늄소재)",,2025-05-29
93,사운드,SENNHEISER MKE600 (붐마이크 세트),교육/지원,0,2,http://www.snmedia.or.kr/rental/equipment.asp,"SENNHEISER MKE600(5종) 붐마이크, 데드켓 윈드실드, 나사선 쇼크 마운트, 마이크 붐대, 케이블(3.5(수)~XLP케논(암)/10m)",- 카메라 또는 캠코더 촬영시SENNHEISER MKE600(5종) 연결을 통해 지향성 마이크 사용. (연결 위 그림 참조),,2025-05-29
97,촬영,DJI RONIN S2 PRO COMBO,교육/지원,0,1,http://www.snmedia.or.kr/rental/equipment.asp,Gimbal 등 36종,"DJI RS 2 기능 탄소 섬유 건설 는 DJI RS 2 첫 짐벌 카메라 그것의 종류의 통합 탄소 섬유 monocoque . DJI RS 2 여전히 1.3kg featherlight 가지고 4.5kg 페이로드. 당신이 하루 종일 프로 레벨 설정으로 영화를 할 수 있도록 클래스 짐벌에서 가장 높은 무게 페이로드 성능을 제공 컬러 터치 스크린 확장 filmmakers' 능력을 더욱, DJI RS 2는 1.4 인치 컬러 터치 스크린 내장. 이 화면은 사용자가 모니터링 및 ActiveTrack 3.0 뷰 카메라와 같은 짐벌 카메라 및 매개 변수에 액세스 할 수 있습니다 모듈 디자인 DJI RS 2 우수한 단일 카메라 안정기 및 모듈형 디자인 쉽게 마운트를 차량 지브 슬라이더 케이블 카메라 더 무장 그것의 RSA 포트 같은 나토 마운트 DJI RS 2 또한 호환 다양한 타사-액세서리로 사용자가 끝없는 방법으로 사용자 정의 할 수 있습니까 높은 배터리 용량 Rs2의 BG30 그립은 최대 12 시간의 전력을 제공하며 빠른 충전으로 1 시간 만에 0-80% 에서 갈 수 있습니다! 배터리 또한 자신의 USB-C 포트 수 충전 없이 장착 DJI RS 2. *DSLR 장착사용,짐벌로써 실내,외 어느 공간에서 다양한 효과를 연출 할 수 있는 장비이며, 사용 방법은 유튜브 참조 * 배터리 사용 시간 12시간 _ 충전시간 1시간 30분  (https://www.youtube.com/watchv=PVRIbiIK5Z0) - 미국 (https://www.youtube.com/watchv=6DcdiAskAAk) - 한국",,2025-05-29
98,사운드,SENNHEISER SK100 G4 (핀마이크),교육/지원,0,4,http://www.snmedia.or.kr/rental/equipment.asp,"SENNHEISER SK 100 G4 SK 100 G4 바디팩 송신기 *자세히 --- 송신기, 마이크케이블(3.5-마이크), 수신기연결케이블(2종 - 3.5-3.5/ 케논-3.5)","젠하이저 SK 100 G4 무선 바디 팩 송신기 쉽고 안정적인 무선 바디 팩 송신기이며, 적외선 동기화, 충전 연락처, 케이블 에뮬레이션, RF 음소거 및 직관적 메뉴와 같은 편리한 기능 탑재. * 주요 성능 1. 적외선을 이용한 송수신기 간의 편리하고 유연성이 뛰어난 무선 동기화 2. 새로운 연동 기능으로 최대 12대의 수신기를 지정할 수 있는 빠른 주파수 할당 3. 최대 20개의 호환 채널 4. 최대 42MHz의 대역폭, 1680개의 주파수 선택 가능, 안정적인 UHF 범위 내에서 조절 가능 5. 전송 범위 : 최대 100미터/ 300피트 6. 고 RF 출력 전원(최대 30mW), 국가 규정에 따라 다를 수 있음.",- 사이즈 : 82X 64X 24mm - 무게 : 약160g - 신호 대 잡음비 : 110dBA - 최대 입력 전압 : 3Vaff - 전원 : 3V 배터리/ 2.4V 충정식 배터리,2025-05-29
99,사운드,이동형 음향장비(JBL-EON715 등),교육/지원,0,1,http://www.snmedia.or.kr/rental/equipment.asp,이동형 음향장비 1. 이동형 파워드 스피커(JBL EON715/ 2ea 2. 오디오 콘솔(Rodecaster Pro2/ 1ea 3. 스피커 유압스탠드(SSC-5000/ imi/ 2ea 4. 스피커 소프트케이스/ 2ea,"성남미디어센터 '미디어교육, 네트워크, 운영' 등 사업추진 시 사용목적 장비임."," * JBL EON715 15인치 라우드스피커는 JBL의 새로운 EON700 시리즈 - 맞춤형 15인치 우퍼 - 2414H 압축 드라이버 - 재설계된 고주파 혼 - 전력: 1,300W 피크 / 650W RMS - 주파수 응답: 45Hz20kHz(-10dB), 55Hz~20kHz(-3dB) - 최대 SPL: 128dB - 분산: 90° H x 60° V - 오디오 I/O: XLR 콤보 2개, XLR 패스스루 1개 - 고급 dbx DSP: 자동 피드백 억제, 더킹, 100ms 스피커 지연, 파라메트릭 EQ - 3채널 디지털 믹서 내장 - 백라이트 컬러 LCD 화면으로 기능에 쉽게 액세스 - 범용 JBL Pro Connect 앱 제어 - 블루투스 5.0 스트리밍 및 제어 - 내구성이 뛰어난 폴리프로필렌 캐비닛 및 금속 그릴 - 2개의 인체공학적 핸들로 운반이 간편합니다. - 내장형 폴 마운트 및 옵션 EON700 범용 요크 마운트 확장 시스템 구성 옵션 - 쌓을 수 있는 캐비닛으로 쉬운 보관 가능 - 크기: 27.6 x 17.2 x 13.8인치(702 x 438 x 351mm)(HxWxD) - 무게: 16.9kg(37.3파운드) - 배송 크기: 29.92 x 21.73 x 18.38인치(760 x 552 x 467mm)(HxWxD) - 배송 무게: 22.5kg(49.6파운드) *Rodecaster Pro2 - 브랜드 : RODE - 배터리 포함 여부 : 무 - 스타일 : 프로덕션 스튜디오 - 패키지 크기 : 32.89*33.5*14.4cm - 패키지 무게 : 3.17kg - 크기 : 270 * 60 * 305mm - 무게 : 2kg - 색상 : 블랙 ** 추가 안내 :https://blog.naver.com/transartists/222753877386         JBL EON715 파워드스피커|/작성자 Media Designer",2025-05-29
100,기타,iPad Pro,교육/지원,0,10,http://www.snmedia.or.kr/rental/equipment.asp,"iPad Pro(MQDT2KH), 커버, 전원케이블","외부_ 지원 목적 사용시 신청서 작성 운영코자 함. (분실 및 파손 방지) - 타 부서 장비지원 협조 및 외부 강좌진행_사용시 등  장비신청  장비 신청서 출력, 작성, 장비지원 장비회수 방식","iPad Pro(MQDT2KH),10.5형 모델, iOS 11, 128GB",2025-05-29
101,기타,DELL 노트북,교육/지원,0,10,http://www.snmedia.or.kr/rental/equipment.asp,"노트북, 케이스(가방), 마우스, 전원케이블 일체","외부_ 지원 목적 사용시 신청서 작성 운영코자 함. (분실 및 파손 방지) - 타 부서 장비지원 협조 및 외부 강좌진행_사용시 등  장비신청 장비 신청서 출력, 작성, 장비지원 장비회수 방식  ",노트북 DELL(XPS15)/ 2012.05.18일 구입,2025-05-29
102,기타,LG 노트북,교육/지원,0,5,http://www.snmedia.or.kr/rental/equipment.asp,"LG 노트북, 가방, 전원케이블, 마우스 일체","외부_ 지원 목적 사용시 신청서 작성 운영코자 함. (분실 및 파손 방지) - 타 부서 장비지원 협조 및 외부 강좌진행_사용시 등  장비신청  장비 신청서 출력, 작성, 장비지원 장비회수 방식 ",LG 노트북(CN/15N365) - 2018.02월 구입 제품,2025-05-29
103,사운드,Mipro 이동식 앰프 스피커 세트 (MA-708),교육/지원,0,2,http://www.snmedia.or.kr/rental/equipment.asp,"이동식 앰프(MA-708M), 이동식 스피커(MA-708EXP) 전원선, 마이크선, 사운드잭, 유선마이크, 무선마이크 각 1ea",* 실내 및 사용 환경이 갖추어진 야외 행사 시 이용 가능 * 완전 충전 시 무선 사용 가능 (장시간 사용 불가),"* 유선마이크 1개,무선마이크 1개 사용 가능 * 블루투스 연결가능 * 20~30명 단위 소규모 공간/행사에 적합",2025-05-29
109,상영,필립스 DVD 플레이어 (DVP2880),교육/지원,0,1,http://www.snmedia.or.kr/rental/equipment.asp,"DVD 플레이어, 리모컨",,* 블루레이,2025-05-29
110,상영,삼성 DVD 플레이어 (Ultra HD Blu-ray Player - UBD-M8500),교육/지원,0,1,http://www.snmedia.or.kr/rental/equipment.asp,"블루레이 플레이어, 전원선, Digital to Analog 오디오 컨버터 set, 스테레오 오디오잭",* 야외상영 용,"4K HDR 블루레이, HD 오디오",2025-05-29
111,상영,BenQ 레이저 빔프로젝터 (TU945plus),교육/지원,0,3,http://www.snmedia.or.kr/rental/equipment.asp,"TU945plus 빔프로젝터 본체, 전원선, HDMI선, 리모콘, 가방",* 커뮤니티 교육용 - 미디어 파사드 수업,"* Blue Core Laser * IP5X DustGuard Pro 등급 (방진 기능 - 야외 설치 사용 가능) * 5,000 루멘안시 * 명암비 3,000,000:1 * WUXGA (1,920x1,200) * 규격414 x 166 x 351 mm * 무게 6.3 kg",2025-05-29
112,기타,애플 iPad Pro 11 (4세대),교육/지원,0,10,http://www.snmedia.or.kr/rental/equipment.asp,"아이패드 프로, 충전기 세트, 사용설명서",* 미디어 교육용,* 애플 M2칩 탑재 * 11인치 * 128GB,2025-05-29
